-- phpMyAdmin SQL Dump
-- version 3.4.11.1deb2+deb7u1
-- http://www.phpmyadmin.net
--
-- Client: localhost
-- Généré le: Mar 14 Juillet 2015 à 17:40
-- Version du serveur: 5.5.43
-- Version de PHP: 5.4.39-0+deb7u2

SET SQL_MODE="NO_AUTO_VALUE_ON_ZERO";
SET time_zone = "+00:00";


/*!40101 SET @OLD_CHARACTER_SET_CLIENT=@@CHARACTER_SET_CLIENT */;
/*!40101 SET @OLD_CHARACTER_SET_RESULTS=@@CHARACTER_SET_RESULTS */;
/*!40101 SET @OLD_COLLATION_CONNECTION=@@COLLATION_CONNECTION */;
/*!40101 SET NAMES utf8 */;

--
-- Base de données: `tab`
--

-- --------------------------------------------------------

--
-- Structure de la table `arbitrage`
--

CREATE TABLE IF NOT EXISTS `arbitrage` (
  `arbitrageID` int(11) NOT NULL AUTO_INCREMENT,
  `enregistrementID` int(11) NOT NULL,
  `idDruide` int(11) NOT NULL,
  `tpsArbitrage` text CHARACTER SET utf8 COLLATE utf8_unicode_ci NOT NULL,
  `validation` varchar(30) CHARACTER SET utf8 COLLATE utf8_unicode_ci NOT NULL DEFAULT '0',
  PRIMARY KEY (`arbitrageID`),
  KEY `validation` (`validation`)
) ENGINE=InnoDB  DEFAULT CHARSET=latin1 AUTO_INCREMENT=507 ;

--
-- Contenu de la table `arbitrage`
--

INSERT INTO `arbitrage` (`arbitrageID`, `enregistrementID`, `idDruide`, `tpsArbitrage`, `validation`) VALUES
(1, 5, 1, '24/02/2015 04:32', 'valid'),
(2, 13, 6, '25/02/2015 00:39', 'invalid'),
(3, 12, 6, '25/02/2015 00:39', 'invalid'),
(4, 2, 6, '25/02/2015 00:40', 'invalid'),
(5, 11, 6, '25/02/2015 00:40', 'valid'),
(6, 13, 6, '25/02/2015 00:40', 'valid'),
(7, 2, 6, '25/02/2015 00:41', 'valid'),
(8, 16, 6, '25/02/2015 00:42', 'invalid'),
(9, 15, 6, '25/02/2015 00:51', 'valid'),
(10, 12, 2, '25/02/2015 03:30', 'valid'),
(11, 8, 2, '25/02/2015 16:47', 'valid'),
(12, 2, 2, '25/02/2015 16:50', 'valid'),
(13, 16, 1, '25/02/2015 17:00', 'valid'),
(14, 8, 1, '25/02/2015 17:02', 'valid'),
(15, 24, 7, '25/02/2015 18:31', 'valid'),
(16, 11, 7, '25/02/2015 18:31', 'valid'),
(17, 5, 8, '26/02/2015 17:01', 'valid'),
(18, 16, 9, '12/03/2015 15:12', 'invalid'),
(19, 12, 10, '12/03/2015 15:18', 'invalid'),
(20, 15, 10, '12/03/2015 15:19', 'invalid'),
(21, 24, 10, '12/03/2015 15:20', 'valid'),
(22, 18, 10, '12/03/2015 15:20', 'valid'),
(23, 29, 10, '12/03/2015 15:21', 'valid'),
(24, 30, 10, '12/03/2015 15:21', 'valid'),
(25, 21, 10, '12/03/2015 15:24', 'valid'),
(26, 28, 10, '12/03/2015 15:24', 'valid'),
(27, 23, 10, '12/03/2015 15:25', 'valid'),
(28, 26, 10, '12/03/2015 15:25', 'valid'),
(29, 2, 10, '12/03/2015 15:25', 'valid'),
(30, 17, 10, '12/03/2015 15:25', 'valid'),
(31, 30, 10, '12/03/2015 15:26', 'valid'),
(32, 21, 10, '12/03/2015 15:26', 'valid'),
(33, 15, 10, '12/03/2015 15:27', 'valid'),
(34, 2, 10, '12/03/2015 15:27', 'valid'),
(35, 15, 10, '12/03/2015 15:27', 'valid'),
(36, 21, 10, '12/03/2015 15:33', 'valid'),
(37, 12, 10, '12/03/2015 15:33', 'valid'),
(38, 5, 10, '12/03/2015 15:33', 'valid'),
(39, 29, 10, '12/03/2015 15:33', 'valid'),
(40, 17, 10, '12/03/2015 15:33', 'valid'),
(41, 19, 10, '12/03/2015 15:34', 'valid'),
(42, 29, 10, '12/03/2015 15:34', 'valid'),
(43, 19, 10, '12/03/2015 15:34', 'valid'),
(44, 19, 10, '12/03/2015 15:34', 'valid'),
(45, 15, 10, '12/03/2015 15:34', 'valid'),
(46, 13, 10, '12/03/2015 15:34', 'valid'),
(47, 23, 10, '12/03/2015 15:35', 'invalid'),
(48, 5, 10, '12/03/2015 15:35', 'invalid'),
(49, 2, 10, '12/03/2015 15:36', 'valid'),
(50, 11, 10, '12/03/2015 15:36', 'valid'),
(51, 23, 9, '12/03/2015 15:36', 'valid'),
(52, 2, 10, '12/03/2015 15:36', 'valid'),
(53, 24, 9, '12/03/2015 15:36', 'valid'),
(54, 28, 10, '12/03/2015 15:36', 'valid'),
(55, 24, 10, '12/03/2015 15:36', 'valid'),
(56, 14, 10, '12/03/2015 15:36', 'valid'),
(57, 24, 9, '12/03/2015 15:37', 'valid'),
(58, 13, 9, '12/03/2015 15:37', 'valid'),
(59, 24, 10, '12/03/2015 15:37', 'valid'),
(60, 23, 9, '12/03/2015 15:37', 'valid'),
(61, 24, 10, '12/03/2015 15:37', 'invalid'),
(62, 13, 9, '12/03/2015 15:37', 'valid'),
(63, 21, 10, '12/03/2015 15:37', 'invalid'),
(64, 29, 10, '12/03/2015 15:37', 'invalid'),
(65, 19, 9, '12/03/2015 15:37', 'valid'),
(66, 14, 10, '12/03/2015 15:37', 'invalid'),
(67, 29, 10, '12/03/2015 15:37', 'invalid'),
(68, 2, 9, '12/03/2015 15:37', 'valid'),
(69, 28, 10, '12/03/2015 15:38', 'invalid'),
(70, 11, 10, '12/03/2015 15:38', 'invalid'),
(71, 13, 9, '12/03/2015 15:38', 'valid'),
(72, 11, 10, '12/03/2015 15:38', 'invalid'),
(73, 24, 9, '12/03/2015 15:38', 'valid'),
(74, 17, 10, '12/03/2015 15:38', 'invalid'),
(75, 18, 9, '12/03/2015 15:38', 'valid'),
(76, 21, 10, '12/03/2015 15:38', 'invalid'),
(77, 23, 9, '12/03/2015 15:38', 'valid'),
(78, 5, 10, '12/03/2015 15:38', 'invalid'),
(79, 13, 9, '12/03/2015 15:38', 'valid'),
(80, 21, 9, '12/03/2015 15:38', 'valid'),
(81, 19, 9, '12/03/2015 15:39', 'valid'),
(82, 13, 9, '12/03/2015 15:39', 'valid'),
(83, 19, 9, '12/03/2015 15:40', 'valid'),
(84, 19, 9, '12/03/2015 15:40', 'valid'),
(85, 21, 9, '12/03/2015 15:40', 'valid'),
(86, 14, 9, '12/03/2015 15:40', 'valid'),
(87, 2, 9, '12/03/2015 15:40', 'valid'),
(88, 12, 9, '12/03/2015 15:40', 'valid'),
(89, 28, 9, '12/03/2015 15:41', 'valid'),
(90, 13, 9, '12/03/2015 15:41', 'valid'),
(91, 19, 9, '12/03/2015 15:41', 'valid'),
(92, 11, 12, '13/03/2015 10:18', 'invalid'),
(93, 16, 12, '13/03/2015 10:18', 'invalid'),
(94, 34, 12, '13/03/2015 10:18', 'invalid'),
(95, 26, 12, '13/03/2015 10:18', 'invalid'),
(96, 14, 12, '13/03/2015 10:18', 'invalid'),
(97, 14, 12, '13/03/2015 10:18', 'invalid'),
(98, 23, 12, '13/03/2015 10:18', 'invalid'),
(99, 5, 12, '13/03/2015 10:18', 'invalid'),
(100, 29, 2, '16/03/2015 11:18', 'invalid'),
(101, 15, 13, '17/03/2015 10:49', 'invalid'),
(102, 11, 14, '17/03/2015 11:13', 'invalid'),
(103, 21, 14, '17/03/2015 11:14', 'invalid'),
(104, 12, 14, '17/03/2015 11:14', 'invalid'),
(105, 12, 14, '17/03/2015 11:14', 'invalid'),
(106, 21, 14, '17/03/2015 11:14', 'invalid'),
(107, 13, 14, '17/03/2015 11:14', 'invalid'),
(108, 16, 9, '17/03/2015 11:21', 'valid'),
(109, 24, 9, '17/03/2015 11:21', 'valid'),
(110, 5, 9, '17/03/2015 11:21', 'valid'),
(111, 12, 9, '17/03/2015 11:21', 'valid'),
(112, 5, 9, '17/03/2015 11:22', 'valid'),
(113, 19, 9, '17/03/2015 11:22', 'valid'),
(114, 15, 9, '17/03/2015 11:22', 'valid'),
(115, 15, 9, '17/03/2015 11:22', 'invalid'),
(116, 23, 13, '17/03/2015 11:25', 'invalid'),
(117, 30, 13, '17/03/2015 11:25', 'invalid'),
(118, 15, 9, '17/03/2015 11:28', 'valid'),
(119, 12, 9, '17/03/2015 11:28', 'valid'),
(120, 32, 14, '17/03/2015 11:58', 'valid'),
(121, 16, 14, '17/03/2015 11:58', 'invalid'),
(122, 31, 14, '17/03/2015 11:59', 'invalid'),
(123, 32, 14, '17/03/2015 11:59', 'invalid'),
(124, 17, 14, '17/03/2015 11:59', 'invalid'),
(125, 12, 14, '17/03/2015 11:59', 'invalid'),
(126, 26, 14, '17/03/2015 11:59', 'invalid'),
(127, 12, 14, '17/03/2015 12:00', 'invalid'),
(128, 13, 14, '17/03/2015 12:00', 'invalid'),
(129, 21, 14, '17/03/2015 12:00', 'invalid'),
(130, 26, 14, '17/03/2015 12:00', 'invalid'),
(131, 18, 14, '17/03/2015 12:00', 'invalid'),
(132, 18, 14, '17/03/2015 12:00', 'invalid'),
(133, 23, 15, '17/03/2015 12:03', 'valid'),
(134, 15, 9, '17/03/2015 14:22', 'valid'),
(135, 38, 15, '17/03/2015 17:31', 'invalid'),
(136, 11, 15, '17/03/2015 17:31', 'invalid'),
(137, 14, 9, '18/03/2015 15:18', 'valid'),
(138, 17, 9, '18/03/2015 15:19', 'valid'),
(139, 17, 9, '18/03/2015 15:24', 'valid'),
(140, 26, 9, '18/03/2015 15:35', 'invalid'),
(141, 28, 9, '18/03/2015 15:49', 'valid'),
(142, 14, 9, '18/03/2015 15:50', 'invalid'),
(143, 0, 9, '18/03/2015 16:00', 'invalid'),
(144, 0, 9, '18/03/2015 16:02', 'invalid'),
(145, 0, 9, '18/03/2015 16:03', 'valid'),
(146, 0, 9, '18/03/2015 16:04', 'valid'),
(147, 21, 9, '18/03/2015 16:07', 'valid'),
(148, 12, 9, '18/03/2015 16:12', 'invalid'),
(149, 21, 9, '18/03/2015 16:12', 'valid'),
(150, 38, 9, '18/03/2015 16:18', 'valid'),
(151, 16, 9, '18/03/2015 16:20', 'invalid'),
(152, 14, 9, '18/03/2015 16:23', 'invalid'),
(153, 39, 9, '18/03/2015 16:25', 'valid'),
(154, 0, 9, '18/03/2015 17:02', 'valid'),
(155, 17, 9, '18/03/2015 17:02', 'invalid'),
(156, 38, 9, '18/03/2015 17:04', 'valid'),
(157, 11, 9, '18/03/2015 17:06', 'valid'),
(158, 11, 9, '18/03/2015 17:07', 'valid'),
(159, 14, 9, '18/03/2015 17:21', 'valid'),
(160, 28, 9, '18/03/2015 17:21', 'invalid'),
(161, 15, 9, '18/03/2015 17:23', 'invalid'),
(162, 16, 9, '18/03/2015 17:23', 'valid'),
(163, 16, 9, '18/03/2015 17:25', 'valid'),
(164, 14, 9, '18/03/2015 17:27', 'invalid'),
(165, 2, 9, '18/03/2015 17:27', 'invalid'),
(166, 11, 9, '18/03/2015 17:27', 'invalid'),
(167, 24, 9, '18/03/2015 17:27', 'invalid'),
(168, 14, 9, '18/03/2015 17:27', 'invalid'),
(169, 24, 9, '18/03/2015 17:28', 'invalid'),
(170, 38, 9, '18/03/2015 17:28', 'invalid'),
(171, 24, 9, '18/03/2015 17:28', 'invalid'),
(172, 5, 9, '18/03/2015 17:28', 'invalid'),
(173, 15, 9, '18/03/2015 17:28', 'invalid'),
(174, 13, 9, '18/03/2015 17:28', 'invalid'),
(175, 24, 9, '18/03/2015 17:29', 'invalid'),
(176, 39, 9, '18/03/2015 22:18', 'invalid'),
(177, 38, 9, '18/03/2015 22:52', 'invalid'),
(178, 18, 13, '19/03/2015 10:26', 'valid'),
(179, 60, 24, '30/03/2015 16:37', 'invalid'),
(180, 55, 24, '30/03/2015 16:37', 'valid'),
(181, 64, 24, '30/03/2015 16:39', 'invalid'),
(182, 64, 24, '30/03/2015 16:41', 'valid'),
(183, 19, 24, '30/03/2015 16:42', 'valid'),
(184, 67, 24, '30/03/2015 16:42', 'invalid'),
(185, 38, 24, '30/03/2015 16:43', 'valid'),
(186, 68, 24, '31/03/2015 10:30', 'invalid'),
(187, 220, 24, '31/03/2015 10:34', 'valid'),
(188, 13, 11, '31/03/2015 10:34', 'valid'),
(189, 96, 11, '31/03/2015 10:35', 'invalid'),
(190, 59, 11, '31/03/2015 10:35', 'invalid'),
(191, 70, 11, '31/03/2015 10:36', 'invalid'),
(192, 199, 11, '31/03/2015 10:36', 'invalid'),
(193, 224, 25, '31/03/2015 10:39', 'invalid'),
(194, 34, 24, '31/03/2015 10:44', 'valid'),
(195, 14, 24, '31/03/2015 10:46', 'valid'),
(196, 21, 24, '31/03/2015 10:48', 'valid'),
(197, 18, 24, '31/03/2015 10:52', 'valid'),
(198, 56, 24, '31/03/2015 10:57', 'invalid'),
(199, 59, 24, '31/03/2015 10:58', 'invalid'),
(200, 54, 24, '31/03/2015 11:00', 'valid'),
(201, 30, 24, '31/03/2015 11:02', 'invalid'),
(202, 23, 11, '31/03/2015 11:04', 'invalid'),
(203, 95, 25, '31/03/2015 11:11', 'valid'),
(204, 193, 25, '31/03/2015 11:27', 'valid'),
(205, 26, 25, '31/03/2015 11:40', 'valid'),
(206, 31, 25, '31/03/2015 11:41', 'valid'),
(207, 0, 25, '31/03/2015 12:01', 'valid'),
(208, 0, 25, '31/03/2015 12:01', 'invalid'),
(209, 0, 25, '31/03/2015 12:03', 'invalid'),
(210, 0, 25, '31/03/2015 12:03', 'invalid'),
(211, 0, 25, '31/03/2015 12:06', 'invalid'),
(212, 31, 25, '31/03/2015 12:07', 'invalid'),
(213, 2, 25, '31/03/2015 12:08', 'invalid'),
(214, 2, 25, '31/03/2015 12:09', 'valid'),
(215, 106, 25, '31/03/2015 12:10', 'invalid'),
(216, 217, 25, '31/03/2015 12:10', 'valid'),
(217, 80, 30, '31/03/2015 12:11', 'valid'),
(218, 72, 30, '31/03/2015 12:14', 'valid'),
(219, 26, 24, '31/03/2015 13:31', 'valid'),
(220, 39, 24, '31/03/2015 13:35', 'valid'),
(221, 225, 24, '31/03/2015 14:28', 'valid'),
(222, 226, 24, '31/03/2015 14:30', 'valid'),
(223, 71, 24, '31/03/2015 14:39', 'invalid'),
(224, 65, 24, '31/03/2015 14:39', 'invalid'),
(225, 21, 24, '31/03/2015 14:40', 'valid'),
(226, 24, 24, '07/04/2015 12:21', 'invalid'),
(227, 289, 11, '07/04/2015 13:34', 'invalid'),
(228, 236, 11, '07/04/2015 13:34', 'invalid'),
(229, 369, 11, '07/04/2015 13:34', 'invalid'),
(230, 218, 11, '07/04/2015 13:34', 'invalid'),
(231, 258, 11, '07/04/2015 13:34', 'invalid'),
(232, 262, 11, '07/04/2015 13:34', 'invalid'),
(233, 170, 11, '07/04/2015 13:35', 'valid'),
(234, 23, 11, '07/04/2015 13:35', 'invalid'),
(235, 274, 11, '07/04/2015 13:35', 'invalid'),
(236, 226, 11, '07/04/2015 13:36', 'invalid'),
(237, 456, 32, '08/04/2015 13:54', 'valid'),
(238, 285, 32, '08/04/2015 13:55', 'invalid'),
(239, 420, 32, '08/04/2015 13:55', 'invalid'),
(240, 32, 32, '08/04/2015 13:55', 'invalid'),
(241, 477, 24, '08/04/2015 15:37', 'invalid'),
(242, 21, 24, '08/04/2015 15:37', 'valid'),
(243, 220, 24, '08/04/2015 16:05', 'valid'),
(244, 226, 24, '08/04/2015 16:06', 'valid'),
(245, 17, 11, '13/05/2015 02:11', 'invalid'),
(246, 383, 11, '13/05/2015 02:11', 'invalid'),
(247, 529, 11, '13/05/2015 02:11', 'invalid'),
(248, 30, 11, '13/05/2015 02:11', 'invalid'),
(249, 376, 11, '13/05/2015 02:11', 'invalid'),
(250, 214, 11, '13/05/2015 02:12', 'invalid'),
(251, 176, 11, '13/05/2015 02:12', 'invalid'),
(252, 28, 11, '13/05/2015 02:13', 'valid'),
(253, 527, 11, '13/05/2015 02:13', 'invalid'),
(254, 409, 11, '13/05/2015 02:13', 'invalid'),
(255, 178, 11, '13/05/2015 02:13', 'invalid'),
(256, 529, 11, '13/05/2015 02:13', 'invalid'),
(257, 195, 11, '13/05/2015 02:13', 'invalid'),
(258, 193, 11, '13/05/2015 02:13', 'invalid'),
(259, 185, 11, '13/05/2015 02:13', 'valid'),
(260, 15, 11, '13/05/2015 02:13', 'valid'),
(261, 12, 11, '13/05/2015 02:14', 'valid'),
(262, 183, 11, '13/05/2015 02:14', 'invalid'),
(263, 186, 11, '13/05/2015 02:14', 'invalid'),
(264, 264, 11, '13/05/2015 02:14', 'invalid'),
(265, 383, 11, '13/05/2015 02:14', 'invalid'),
(266, 191, 11, '13/05/2015 02:14', 'invalid'),
(267, 428, 11, '13/05/2015 02:15', 'invalid'),
(268, 393, 11, '13/05/2015 02:15', 'invalid'),
(269, 261, 11, '13/05/2015 02:15', 'invalid'),
(270, 250, 11, '13/05/2015 02:15', 'invalid'),
(271, 215, 11, '13/05/2015 02:15', 'invalid'),
(272, 219, 11, '13/05/2015 02:16', 'invalid'),
(273, 284, 11, '13/05/2015 02:16', 'invalid'),
(274, 38, 11, '13/05/2015 02:16', 'invalid'),
(275, 409, 26, '16/05/2015 21:58', 'valid'),
(276, 419, 26, '16/05/2015 21:58', 'valid'),
(277, 195, 26, '16/05/2015 21:58', 'valid'),
(278, 202, 26, '16/05/2015 21:58', 'valid'),
(279, 21, 26, '16/05/2015 21:59', 'valid'),
(280, 518, 26, '16/05/2015 21:59', 'valid'),
(281, 200, 26, '16/05/2015 21:59', 'valid'),
(282, 191, 26, '16/05/2015 21:59', 'valid'),
(283, 11, 26, '16/05/2015 21:59', 'valid'),
(284, 178, 26, '16/05/2015 21:59', 'valid'),
(285, 397, 26, '16/05/2015 22:00', 'valid'),
(286, 552, 26, '16/05/2015 22:00', 'valid'),
(287, 16, 26, '16/05/2015 22:00', 'valid'),
(288, 398, 26, '16/05/2015 22:00', 'valid'),
(289, 178, 38, '19/05/2015 14:12', 'invalid'),
(290, 786, 25, '07/06/2015 23:12', 'valid'),
(291, 786, 25, '07/06/2015 23:12', 'valid'),
(292, 787, 25, '07/06/2015 23:12', 'valid'),
(293, 19, 40, '08/06/2015 12:58', 'valid'),
(294, 21, 24, '10/06/2015 12:41', 'valid'),
(295, 26, 24, '10/06/2015 14:21', 'valid'),
(296, 472, 24, '15/06/2015 11:51', 'valid'),
(297, 13, 24, '15/06/2015 11:54', 'invalid'),
(298, 829, 24, '15/06/2015 11:55', 'valid'),
(299, 28, 24, '15/06/2015 11:55', 'invalid'),
(300, 28, 24, '15/06/2015 11:57', 'invalid'),
(301, 21, 59, '15/06/2015 17:28', 'invalid'),
(302, 21, 59, '15/06/2015 17:28', 'invalid'),
(303, 21, 59, '15/06/2015 17:28', 'invalid'),
(304, 14, 59, '16/06/2015 19:31', 'valid'),
(305, 829, 59, '16/06/2015 19:33', 'invalid'),
(306, 19, 59, '16/06/2015 19:37', 'invalid'),
(307, 832, 59, '16/06/2015 19:38', 'valid'),
(308, 829, 59, '16/06/2015 19:38', 'valid'),
(309, 21, 59, '16/06/2015 19:38', 'invalid'),
(310, 17, 25, '17/06/2015 13:45', 'valid'),
(311, 861, 25, '17/06/2015 13:45', 'valid'),
(312, 13, 59, '17/06/2015 15:38', 'valid'),
(313, 9, 59, '18/06/2015 12:22', 'valid'),
(314, 0, 71, '23/06/2015 11:50', 'valid'),
(315, 0, 71, '23/06/2015 12:11', 'valid'),
(316, 0, 76, '23/06/2015 12:13', 'valid'),
(317, 0, 76, '23/06/2015 12:15', 'valid'),
(318, 0, 76, '23/06/2015 12:25', 'valid'),
(319, 0, 76, '23/06/2015 12:26', 'valid'),
(320, 0, 76, '23/06/2015 12:26', 'valid'),
(321, 861, 76, '23/06/2015 12:34', 'valid'),
(322, 28, 76, '23/06/2015 12:40', 'valid'),
(323, 28, 76, '23/06/2015 12:40', 'invalid'),
(324, 849, 24, '23/06/2015 14:31', 'valid'),
(325, 849, 24, '23/06/2015 14:31', 'invalid'),
(326, 21, 24, '23/06/2015 15:07', 'valid'),
(327, 21, 24, '23/06/2015 15:07', 'valid'),
(328, 14, 24, '23/06/2015 15:08', 'valid'),
(329, 9, 24, '24/06/2015 13:55', 'valid'),
(330, 9, 24, '24/06/2015 13:55', 'valid'),
(331, 9, 24, '24/06/2015 13:55', 'valid'),
(332, 9, 24, '24/06/2015 14:00', 'valid'),
(333, 9, 24, '24/06/2015 14:08', 'invalid'),
(334, 9, 24, '24/06/2015 14:08', 'valid'),
(335, 9, 24, '24/06/2015 14:15', 'valid'),
(336, 9, 24, '24/06/2015 14:15', 'valid'),
(337, 9, 24, '24/06/2015 14:16', 'valid'),
(338, 9, 24, '24/06/2015 14:16', 'valid'),
(339, 9, 24, '24/06/2015 14:17', 'valid'),
(340, 9, 84, '24/06/2015 14:33', 'valid'),
(341, 9, 84, '24/06/2015 14:33', 'valid'),
(342, 9, 84, '24/06/2015 14:33', 'valid'),
(343, 9, 84, '24/06/2015 14:34', 'valid'),
(344, 9, 84, '24/06/2015 14:34', 'valid'),
(345, 9, 84, '24/06/2015 14:35', 'valid'),
(346, 9, 84, '24/06/2015 14:47', 'valid'),
(347, 9, 84, '24/06/2015 14:47', 'invalid'),
(348, 0, 98, '02/07/2015 15:33', 'valid'),
(349, 883, 98, '07/07/2015 11:50', 'invalid'),
(350, 290, 98, '07/07/2015 11:51', 'valid'),
(351, 0, 98, '07/07/2015 11:57', 'valid'),
(352, 12, 98, '07/07/2015 11:57', 'invalid'),
(353, 883, 98, '07/07/2015 11:57', 'valid'),
(354, 883, 98, '07/07/2015 11:58', 'valid'),
(355, 14, 98, '07/07/2015 11:58', 'valid'),
(356, 19, 98, '07/07/2015 11:58', 'invalid'),
(357, 290, 98, '07/07/2015 11:59', 'valid'),
(358, 17, 98, '07/07/2015 11:59', 'invalid'),
(359, 896, 104, '07/07/2015 14:33', 'valid'),
(360, 883, 110, '07/07/2015 14:58', 'valid'),
(361, 9, 111, '07/07/2015 15:40', 'valid'),
(362, 9, 111, '07/07/2015 15:47', 'valid'),
(363, 9, 111, '07/07/2015 15:47', 'valid'),
(364, 9, 111, '07/07/2015 15:50', 'valid'),
(365, 9, 111, '07/07/2015 15:50', 'invalid'),
(366, 9, 111, '07/07/2015 15:52', 'valid'),
(367, 9, 111, '07/07/2015 15:55', 'valid'),
(368, 9, 111, '07/07/2015 15:56', 'valid'),
(369, 9, 111, '07/07/2015 15:56', 'valid'),
(370, 9, 111, '07/07/2015 15:58', 'valid'),
(371, 9, 111, '07/07/2015 16:02', 'valid'),
(372, 9, 111, '07/07/2015 16:02', 'valid'),
(373, 9, 111, '07/07/2015 16:02', 'valid'),
(374, 9, 111, '07/07/2015 16:03', 'valid'),
(375, 9, 111, '07/07/2015 16:03', 'valid'),
(376, 9, 111, '07/07/2015 16:03', 'valid'),
(377, 9, 111, '07/07/2015 16:04', 'valid'),
(378, 9, 111, '07/07/2015 16:05', 'valid'),
(379, 290, 111, '07/07/2015 16:06', 'valid'),
(380, 16, 111, '07/07/2015 16:08', 'valid'),
(381, 9, 111, '07/07/2015 16:18', 'valid'),
(382, 9, 111, '07/07/2015 16:19', 'valid'),
(383, 9, 111, '07/07/2015 16:19', 'valid'),
(384, 0, 111, '07/07/2015 16:55', 'valid'),
(385, 9, 111, '07/07/2015 16:55', 'valid'),
(386, 0, 113, '08/07/2015 00:24', 'valid'),
(387, 290, 98, '08/07/2015 11:26', 'valid'),
(388, 5, 114, '08/07/2015 11:27', 'valid'),
(389, 0, 114, '08/07/2015 11:27', 'valid'),
(390, 9, 114, '08/07/2015 11:28', 'valid'),
(391, 0, 114, '08/07/2015 11:47', 'valid'),
(392, 877, 114, '08/07/2015 11:47', 'valid'),
(393, 911, 114, '08/07/2015 12:59', 'valid'),
(394, 912, 115, '08/07/2015 14:05', 'valid'),
(395, 0, 114, '08/07/2015 14:22', 'valid'),
(396, 915, 114, '08/07/2015 14:22', 'valid'),
(397, 915, 116, '08/07/2015 16:20', 'valid'),
(398, 5, 113, '09/07/2015 00:32', 'valid'),
(399, 848, 113, '09/07/2015 00:36', 'valid'),
(400, 869, 113, '09/07/2015 00:37', 'invalid'),
(401, 861, 113, '09/07/2015 00:38', 'valid'),
(402, 13, 113, '09/07/2015 00:40', 'valid'),
(403, 14, 113, '09/07/2015 00:41', 'valid'),
(404, 472, 113, '09/07/2015 00:42', 'valid'),
(405, 883, 120, '09/07/2015 00:45', 'valid'),
(406, 28, 120, '09/07/2015 00:48', 'valid'),
(407, 472, 120, '09/07/2015 00:48', 'invalid'),
(408, 2, 120, '09/07/2015 00:49', 'valid'),
(409, 5, 120, '09/07/2015 00:49', 'invalid'),
(410, 849, 120, '09/07/2015 00:51', 'valid'),
(411, 848, 120, '09/07/2015 00:51', 'invalid'),
(412, 19, 120, '09/07/2015 00:54', 'invalid'),
(413, 0, 122, '09/07/2015 16:39', 'valid'),
(414, 911, 98, '09/07/2015 16:41', 'invalid'),
(415, 915, 98, '09/07/2015 16:41', 'invalid'),
(416, 915, 98, '09/07/2015 16:41', 'invalid'),
(417, 916, 98, '09/07/2015 16:42', 'valid'),
(418, 0, 120, '09/07/2015 23:35', 'valid'),
(419, 28, 120, '09/07/2015 23:36', 'valid'),
(420, 899, 120, '09/07/2015 23:36', 'valid'),
(421, 472, 120, '09/07/2015 23:36', 'valid'),
(422, 851, 120, '09/07/2015 23:36', 'valid'),
(423, 12, 120, '09/07/2015 23:36', 'valid'),
(424, 290, 120, '09/07/2015 23:37', 'valid'),
(425, 883, 120, '09/07/2015 23:37', 'invalid'),
(426, 862, 120, '09/07/2015 23:37', 'invalid'),
(427, 2, 120, '09/07/2015 23:37', 'valid'),
(428, 916, 120, '09/07/2015 23:37', 'invalid'),
(429, 290, 120, '09/07/2015 23:37', 'valid'),
(430, 290, 120, '09/07/2015 23:37', 'invalid'),
(431, 883, 120, '09/07/2015 23:38', 'invalid'),
(432, 11, 120, '09/07/2015 23:38', 'valid'),
(433, 848, 120, '09/07/2015 23:38', 'valid'),
(434, 869, 120, '09/07/2015 23:38', 'invalid'),
(435, 14, 120, '09/07/2015 23:38', 'valid'),
(436, 883, 120, '09/07/2015 23:38', 'invalid'),
(437, 5, 120, '09/07/2015 23:38', 'valid'),
(438, 21, 120, '09/07/2015 23:39', 'valid'),
(439, 916, 120, '09/07/2015 23:39', 'invalid'),
(440, 875, 120, '09/07/2015 23:39', 'invalid'),
(441, 883, 120, '09/07/2015 23:39', 'invalid'),
(442, 26, 120, '09/07/2015 23:39', 'valid'),
(443, 880, 120, '09/07/2015 23:39', 'invalid'),
(444, 5, 120, '09/07/2015 23:39', 'valid'),
(445, 26, 120, '09/07/2015 23:39', 'valid'),
(446, 849, 120, '09/07/2015 23:39', 'valid'),
(447, 13, 120, '09/07/2015 23:40', 'valid'),
(448, 921, 121, '09/07/2015 23:48', 'valid'),
(449, 0, 121, '10/07/2015 00:10', 'invalid'),
(450, 921, 121, '10/07/2015 00:11', 'invalid'),
(451, 921, 121, '10/07/2015 00:13', 'valid'),
(452, 921, 121, '10/07/2015 00:13', 'valid'),
(453, 922, 121, '10/07/2015 00:15', 'valid'),
(454, 922, 121, '10/07/2015 00:17', 'valid'),
(455, 0, 121, '10/07/2015 00:31', 'valid'),
(456, 924, 121, '10/07/2015 00:35', 'valid'),
(457, 0, 120, '10/07/2015 01:28', 'valid'),
(458, 925, 120, '10/07/2015 01:29', 'valid'),
(459, 925, 120, '10/07/2015 01:31', 'valid'),
(460, 925, 120, '10/07/2015 01:32', 'valid'),
(461, 925, 120, '10/07/2015 01:34', 'invalid'),
(462, 925, 120, '10/07/2015 01:36', 'valid'),
(463, 0, 121, '10/07/2015 11:45', 'valid'),
(464, 924, 121, '10/07/2015 11:46', 'valid'),
(465, 869, 98, '10/07/2015 11:47', 'valid'),
(466, 18, 98, '10/07/2015 11:48', 'valid'),
(467, 18, 98, '10/07/2015 11:50', 'valid'),
(468, 924, 121, '10/07/2015 11:50', 'invalid'),
(469, 0, 124, '10/07/2015 12:25', 'valid'),
(470, 889, 114, '10/07/2015 12:26', 'invalid'),
(471, 926, 114, '10/07/2015 12:28', 'valid'),
(472, 880, 123, '10/07/2015 12:38', 'invalid'),
(473, 926, 123, '10/07/2015 12:39', 'valid'),
(474, 926, 123, '10/07/2015 12:40', 'valid'),
(475, 926, 123, '10/07/2015 12:40', 'valid'),
(476, 926, 123, '10/07/2015 12:46', 'valid'),
(477, 926, 123, '10/07/2015 12:48', 'valid'),
(478, 926, 123, '10/07/2015 12:48', 'valid'),
(479, 926, 98, '10/07/2015 14:33', 'valid'),
(480, 926, 98, '10/07/2015 14:34', 'valid'),
(481, 875, 98, '10/07/2015 14:35', 'valid'),
(482, 875, 98, '10/07/2015 14:35', 'valid'),
(483, 849, 98, '10/07/2015 14:57', 'valid'),
(484, 849, 98, '10/07/2015 15:04', 'valid'),
(485, 916, 98, '10/07/2015 15:04', 'valid'),
(486, 883, 98, '10/07/2015 15:11', 'valid'),
(487, 917, 98, '10/07/2015 15:11', 'valid'),
(488, 926, 98, '10/07/2015 15:18', 'valid'),
(489, 12, 98, '10/07/2015 15:18', 'valid'),
(490, 17, 98, '10/07/2015 15:18', 'valid'),
(491, 849, 124, '10/07/2015 15:19', 'valid'),
(492, 883, 124, '10/07/2015 15:19', 'valid'),
(493, 17, 124, '10/07/2015 15:19', 'valid'),
(494, 861, 124, '10/07/2015 15:19', 'valid'),
(495, 11, 124, '10/07/2015 15:21', 'valid'),
(496, 896, 124, '10/07/2015 15:21', 'valid'),
(497, 926, 98, '10/07/2015 15:27', 'valid'),
(498, 928, 121, '10/07/2015 23:16', 'invalid'),
(499, 929, 120, '10/07/2015 23:31', 'valid'),
(500, 929, 120, '10/07/2015 23:37', 'valid'),
(501, 929, 120, '10/07/2015 23:41', 'valid'),
(502, 920, 102, '13/07/2015 16:49', 'valid'),
(503, 860, 128, '13/07/2015 16:51', 'valid'),
(504, 9, 128, '14/07/2015 16:09', 'valid'),
(505, 919, 128, '14/07/2015 16:10', 'valid'),
(506, 9, 128, '14/07/2015 16:10', 'valid');

-- --------------------------------------------------------

--
-- Structure de la table `carte`
--

CREATE TABLE IF NOT EXISTS `carte` (
  `carteID` int(11) NOT NULL AUTO_INCREMENT,
  `theme` text CHARACTER SET utf8 COLLATE utf8_unicode_ci NOT NULL,
  `idDruide` int(30) NOT NULL,
  `temps` text CHARACTER SET utf8 COLLATE utf8_unicode_ci NOT NULL,
  `niveau` text CHARACTER SET utf8 COLLATE utf8_unicode_ci NOT NULL,
  `langue` text CHARACTER SET utf8 COLLATE utf8_unicode_ci NOT NULL,
  `mot` text CHARACTER SET utf8 COLLATE utf8_unicode_ci NOT NULL,
  `tabou1` text CHARACTER SET utf8 COLLATE utf8_unicode_ci NOT NULL,
  `tabou2` text CHARACTER SET utf8 COLLATE utf8_unicode_ci NOT NULL,
  `tabou3` text CHARACTER SET utf8 COLLATE utf8_unicode_ci NOT NULL,
  `tabou4` text CHARACTER SET utf8 COLLATE utf8_unicode_ci NOT NULL,
  `tabou5` text CHARACTER SET utf8 COLLATE utf8_unicode_ci NOT NULL,
  `tabou6` varchar(100) NOT NULL,
  PRIMARY KEY (`carteID`)
) ENGINE=InnoDB  DEFAULT CHARSET=latin1 AUTO_INCREMENT=189 ;

--
-- Contenu de la table `carte`
--

INSERT INTO `carte` (`carteID`, `theme`, `idDruide`, `temps`, `niveau`, `langue`, `mot`, `tabou1`, `tabou2`, `tabou3`, `tabou4`, `tabou5`, `tabou6`) VALUES
(1, '', 6, '24/02/2015 03:45', 'facile', 'en', 'coffee', 'bean', 'drink', '', '', '', ''),
(2, '', 6, '24/02/2015 03:46', 'moyen', 'en', 'phone', 'talk', 'distance', 'hand', '', '', ''),
(3, '', 6, '24/02/2015 03:48', 'difficile', 'en', 'orchid', 'flower', 'rare', 'plant', '', '', ''),
(4, '', 1, '24/02/2015 03:49', 'facile', 'fr', 'poire', 'fruit', 'pomme', '', '', '', ''),
(5, '', 1, '24/02/2015 03:50', 'moyen', 'fr', 'dessin', 'crayon', 'papier', 'feuille', '', '', ''),
(6, '', 1, '24/02/2015 03:51', 'difficile', 'fr', 'doctoresse', 'faire des études', 'passer sa thèse', 'femme', 'professionnel de santé', 'être humain', ''),
(7, '', 5, '24/02/2015 03:56', 'difficile', 'fr', 'tranquilliser', 'calme', 'soulagement', 'sécurité', 'apaiser', 'mettre', ''),
(8, '', 5, '24/02/2015 04:04', 'difficile', 'fr', 'forge', 'marteau', 'feu', 'enclume', 'métal', 'chauffer', ''),
(9, '', 5, '24/02/2015 04:10', 'difficile', 'fr', 'chevreuil', 'cervidé', 'ruminant', 'herbivore', 'artiodactyle', 'mammifère', ''),
(10, '', 2, '24/02/2015 23:42', 'facile', 'fr', 'pomme de terre', 'tubercule', 'frite', '', '', '', ''),
(11, '', 2, '24/02/2015 23:44', 'facile', 'fr', 'chocolat', 'carré', 'sucre', 'barre', '', '', ''),
(12, '', 4, '24/02/2015 23:45', 'difficile', 'fr', 'Astérix', 'gaulois', 'obélix', 'potion magique', 'césar', 'irreductible', ''),
(13, '', 4, '24/02/2015 23:47', 'difficile', 'fr', 'saucisson', 'saucisse sèche', 'cochon', 'gras', 'porc', 'ferme', ''),
(14, '', 4, '24/02/2015 23:48', 'moyen', 'fr', 'poney', 'cheval', 'petit', 'licorne', 'pégase', 'sabot', ''),
(15, '', 2, '24/02/2015 23:49', 'moyen', 'en', 'Beatles', 'rock', 'band', 'submarine', 'Lucy', '', ''),
(16, '', 4, '24/02/2015 23:49', 'facile', 'fr', 'ballon', 'football', 'baudruche', 'fête', 'gonfler', 'rond', ''),
(17, '', 2, '25/02/2015 00:29', 'facile', 'fr', 'cadenas', 'clé', 'fermer', 'verrou', 'serrure', 'clef', ''),
(18, '', 2, '25/02/2015 03:31', 'facile', 'fr', 'moussant', 'bulle', 'écumant', 'émulsionnant', 'spumescent', 'bain', ''),
(19, '', 2, '25/02/2015 14:59', 'facile', 'fr', 'dirigiste', 'interventionniste', 'étatiste', 'Blocus', 'John Maynard Keynes', 'Ludwig von Mises', ''),
(20, '', 2, '25/02/2015 16:33', 'facile', 'fr', 'baguette', 'pain', 'magique', 'mener', 'France', '', ''),
(21, '', 2, '25/02/2015 16:34', 'facile', 'fr', 'jeux vidéo', 'console', 'ordinateur', 'addiction', 'jouer', 'playstation', ''),
(22, '', 2, '25/02/2015 16:36', 'moyen', 'fr', 'rouille', 'fer', 'couleur', 'sauce', 'oxydation', 'métal', ''),
(23, '', 7, '25/02/2015 18:34', 'facile', 'fr', 'Tarot', 'Carte', 'Atout', 'Garde', '', '', ''),
(24, '', 1, '25/02/2015 20:04', 'facile', 'fr', 'salade', 'verte', 'feuille', '', '', '', ''),
(25, '', 1, '25/02/2015 20:06', 'facile', 'en', 'mouse', 'small', 'animal', '', '', '', ''),
(26, '', 1, '25/02/2015 20:07', 'moyen', 'en', 'computer', 'calcul', 'machine', '', '', '', ''),
(27, '', 8, '26/02/2015 16:59', 'moyen', 'fr', 'bronzage', 'soleil', 'crème solaire', 'plage', 'brun', 'peau', ''),
(28, '', 9, '11/03/2015 16:54', 'facile', 'fr', 'mante', 'insecte', 'hexapode', 'pancrustacé', 'mandibulé', 'arthropode', ''),
(29, '', 9, '11/03/2015 17:07', 'facile', 'fr', 'chat', 'felin', 'animal', 'miauler', '', '', ''),
(30, '', 9, '12/03/2015 15:08', 'facile', 'fr', 'Worth', 'Wörth', 'Allemagne', 'Angleterre', 'Illinois', 'Kent', ''),
(31, '', 10, '12/03/2015 15:12', 'facile', 'fr', 'surveillant', 'pion', 'regarder', 'métier', 'personne', 'prison', ''),
(32, '', 10, '12/03/2015 15:15', 'difficile', 'fr', 'expéditionnaire', 'commerçant', 'destinateur', 'employé', 'envoyeur', 'exportateur', ''),
(33, '', 9, '12/03/2015 15:15', 'facile', 'fr', 'gunkompoiuytrrezavhghuj', 'kijouythjjk', 'kio', '', '', '', ''),
(34, '', 10, '12/03/2015 15:15', 'difficile', 'fr', 'expéditionnaire', 'commerçant', 'destinateur', 'employé', 'envoyeur', 'exportateur', ''),
(35, '', 10, '12/03/2015 15:15', 'difficile', 'fr', 'expéditionnaire', 'commerçant', 'destinateur', 'employé', 'envoyeur', 'exportateur', ''),
(36, '', 10, '12/03/2015 15:15', 'facile', 'fr', 'EF/LJWJF/D', 'VAVDABVVSdVdsVDVDS', 'VDSVDSVDSVDSDVS', '', '', '', ''),
(37, '', 9, '12/03/2015 15:29', 'facile', 'fr', 'dispersé', 'géographie', 'agronomie', 'militaire', 'chassé', 'clairsemé', ''),
(38, '', 10, '12/03/2015 15:30', 'facile', 'fr', 'plante', 'feuille', 'vert', '', '', '', ''),
(39, '', 9, '12/03/2015 15:31', 'facile', 'fr', 'plante', 'feuille', 'vert', '', '', '', ''),
(40, '', 10, '12/03/2015 15:43', 'facile', 'fr', 'Alnus', 'Arbre', 'Aulne', 'Aune', 'Berge', 'Bois', ''),
(41, '', 9, '12/03/2015 15:44', 'facile', 'fr', 'Mercredi des cendres', 'Assomption', 'Avent', 'Chandeleur', 'Sainte Famille', 'Semaine sainte', ''),
(42, '', 9, '12/03/2015 15:45', 'facile', 'fr', 'corymbe', 'fleurs', 'botanique', 'médecine', 'Astéracées', 'achillée millefeuille', ''),
(43, '', 9, '12/03/2015 15:46', 'facile', 'fr', 'Aleijadinho', 'Anglais', 'Baruch', 'Brésil', 'Congonhas', 'François d''Assise', ''),
(44, '', 9, '12/03/2015 15:47', 'facile', 'fr', 'Aleijadinho', 'Anglais', 'Baruch', 'Brésil', 'Congonhas', 'François d''Assise', ''),
(45, '', 9, '12/03/2015 15:47', 'facile', 'fr', 'Kansas City', 'ville', 'lieu', 'film', 'États-Unis', 'Missouri', ''),
(46, '', 12, '13/03/2015 10:17', 'facile', 'fr', 'Bram Van Velde', 'Aimé Maeght', 'Allemagne', 'Arles', 'Berlin', 'Berne', ''),
(47, '', 12, '13/03/2015 10:17', 'facile', 'fr', 'maillet', 'outil', 'marteau', 'choc', 'plomberie', 'sculpture', ''),
(48, '', 13, '17/03/2015 10:26', 'facile', 'fr', 'ramille', 'ramure', 'bois', 'branchage', 'brindille', 'pampre', ''),
(49, '', 9, '17/03/2015 11:03', 'facile', 'fr', 'oligo-élément', 'minéral', 'cuivre', 'fer', 'manganèse', 'molybdène', ''),
(50, '', 9, '17/03/2015 11:04', 'facile', 'fr', 'avion-but', 'aéronef', 'véhicule', 'moyen de transport', 'tir', 'aterrir', ''),
(51, '', 13, '17/03/2015 11:05', 'facile', 'fr', 'joyaux', 'bijoux', 'ornements', 'parures', 'pierreries', 'Edgar Rice Burroughs', ''),
(52, '', 9, '17/03/2015 11:08', 'facile', 'fr', 'long', 'grand', 'plus', '', '', '', ''),
(53, '', 14, '17/03/2015 11:54', 'facile', 'fr', 'zéro', 'nul', 'chiffre', 'nombre', 'rien', 'un', ''),
(54, '', 16, '23/03/2015 16:35', 'facile', 'fr', 'terreur', 'peur', 'horreur', 'frayeur', 'panique', 'effroi', ''),
(55, '', 25, '25/03/2015 16:28', 'facile', 'fr', 'tuniques', 'coeur et vaisseaux', 'sexe', 'La fileuse', 'Mandans', 'Vénus d''Arles', ''),
(56, '', 25, '25/03/2015 16:33', 'facile', 'fr', 'Ben Hogan', 'Anglais', 'Arnold Palmer', 'Cadet', 'Cadillac', 'Coup', ''),
(57, '', 25, '25/03/2015 16:35', 'facile', 'fr', 'musée de la Marine', 'Amsterdam', 'Biarritz', 'Bilbao', 'Brest', 'Cherbourg-Octeville', ''),
(58, '', 25, '25/03/2015 16:40', 'facile', 'fr', 'édicule', 'vespasienne', 'architecture', 'excrétion', 'pavillon', 'abri', ''),
(59, '', 25, '25/03/2015 16:40', 'facile', 'fr', 'patriarcal', 'famille', 'père', 'religieux et ministres des cultes', 'droit', 'histoire', ''),
(60, '', 25, '25/03/2015 16:57', 'facile', 'fr', 'injurieusement', 'agression', 'excès', 'irrespect', 'tragique', 'effrontément', ''),
(61, '', 11, '25/03/2015 18:00', 'facile', 'fr', 'rédacteur', 'personne', 'journaliste', 'employé de bureau', 'presse', 'main', ''),
(62, '', 24, '27/03/2015 17:16', 'facile', 'fr', 'kaléidoscopique', 'optique', 'polychromie', 'capricieux', 'incertain', 'transitoire', ''),
(63, '', 11, '31/03/2015 10:09', 'facile', 'fr', 'glissement', 'chute', 'descente', 'frottement', 'anatomie', 'art', ''),
(64, '', 11, '31/03/2015 10:12', 'facile', 'fr', 'Sophie', 'prénom féminin', 'être humain', 'individu', 'personne', 'femme', ''),
(65, '', 26, '31/03/2015 10:48', 'facile', 'fr', 'avoir besoin', 'nécessité', 'se poudrer le nez', 'manquer', 'accro', 'addict', ''),
(66, '', 30, '31/03/2015 10:54', 'facile', 'fr', 'Quatorze Points', 'Alsace-Lorraine', 'Autriche', 'Balkans', 'Belgique', 'Dardanelles', ''),
(67, '', 30, '31/03/2015 10:55', 'facile', 'fr', 'bouclier', 'métal', 'poignée', 'arme ancienne', 'objet', 'targe', ''),
(68, '', 11, '01/04/2015 09:13', 'facile', 'fr', 'formol', 'biologie', 'conserver', 'chimie', 'bocal', 'composé organique', ''),
(69, '', 11, '01/04/2015 11:35', 'facile', 'fr', 'chapardage', 'vol', 'tombé du camion', 'grappillage', 'larcin', 'maraudage', ''),
(70, '', 31, '05/04/2015 18:26', 'facile', 'fr', 'Charles Robinson', 'James Bond', 'Demain ne meurt jamais', 'Le monde ne suffit pas', 'Miss Moneypenny', 'spectre', ''),
(71, '', 31, '05/04/2015 18:26', 'facile', 'fr', 'DC-3', 'avion de transport', 'véhicule motorisé', 'aéronef', 'ciel', 'moyen de transport', ''),
(72, '', 11, '07/04/2015 13:37', 'facile', 'fr', 'caloporteur', 'chaleur', 'substance', 'photovoltaïque', 'Fioul', 'Moteur', ''),
(73, '', 20, '08/04/2015 12:55', 'facile', 'fr', 'triphasé', 'biphasé', 'continu', 'monophasé', 'électricité', 'Alternateur', ''),
(74, '', 24, '21/04/2015 14:43', 'facile', 'fr', 'H.G. Wells', 'écrivain', 'auteur', 'homme', 'humain', 'individu', ''),
(75, '', 24, '21/04/2015 19:04', 'facile', 'fr', 'aligot', 'préparation culinaire', 'accompagnement', 'gastronomie', 'être mangé', 'Cantal', ''),
(76, '', 26, '16/05/2015 21:16', 'difficile', 'fr', 'Valentin Ludwig Fey', 'Allemagne', 'Charlie Chaplin', 'Internet Movie Database', 'Munich', 'juin', ''),
(77, '', 24, '19/05/2015 16:06', 'facile', 'fr', 'cyniquement', 'gentiment', 'affect', 'haine', 'effrontément', 'impudemment', ''),
(78, '', 39, '04/06/2015 08:36', 'facile', 'fr', 'polente', 'Aoste', 'Savoie', 'galette', 'maïs', 'semoule', ''),
(79, '', 39, '04/06/2015 08:37', 'facile', 'fr', 'bataillon disciplinaire', 'Anglais', 'Cherchell', 'Les Douze Salopards', 'Luftwaffe', 'Mostaganem', ''),
(94, '', 24, '15/06/2015 10:43', 'facile', 'fr', 'allaitement', 'alimentation', 'maternité', 'nourriture', 'tétée', 'médecine', ''),
(96, '', 24, '15/06/2015 11:05', 'facile', 'fr', 'test', 'test1', 'test2', '', '', '', ''),
(97, '', 24, '15/06/2015 11:47', 'facile', 'fr', 'test', 'test1', 'test2', '', '', '', ''),
(98, '', 59, '15/06/2015 14:36', 'facile', 'fr', 'ban', 'mariage', 'proclamation', 'armée', 'exil', 'interdiction', ''),
(99, '', 59, '15/06/2015 14:37', 'facile', 'fr', 'mal élevé', 'impoli', 'butor', 'désobligeant', 'gros', 'malotru', ''),
(100, '', 59, '15/06/2015 14:45', 'facile', 'fr', 'désapprendre', 'Ver:Transitif', 'oubli', 'amnistier', 'délaisser', 'effacer', ''),
(109, '', 24, '23/06/2015 15:04', 'facile', 'fr', 'test7', 'te', 'tes', '', '', '', ''),
(110, '', 24, '23/06/2015 15:05', 'facile', 'fr', 'test7', 'te', 'tes', '', '', '', ''),
(111, '', 24, '23/06/2015 15:05', 'facile', 'fr', 'test7', 'te', 'tes', '', '', '', ''),
(112, '', 24, '23/06/2015 15:05', 'facile', 'fr', 'test7', 'te', 'tes', '', '', '', ''),
(113, '', 24, '23/06/2015 15:05', 'facile', 'fr', 'test7', 'te', 'tes', '', '', '', ''),
(117, '', 24, '23/06/2015 15:10', 'facile', 'fr', 'monoréacteur', 'avion', 'aéronef', 'véhicule', 'moyen de transport', 'pilote', ''),
(118, '', 24, '23/06/2015 15:10', 'facile', 'fr', 'monoréacteur', 'avion', 'aéronef', 'véhicule', 'moyen de transport', 'pilote', ''),
(125, '', 84, '24/06/2015 14:58', 'moyen', 'en', 'water', 'liquid', 'transparant', 'well', '', '', ''),
(126, '', 74, '25/06/2015 16:11', 'facile', 'fr', 'eau', '', '', '', '', '', ''),
(127, '', 39, '25/06/2015 21:52', 'facile', 'fr', 'maison', 'appartement', 'villa', '', '', '', ''),
(128, '', 39, '25/06/2015 22:07', 'facile', 'fr', 'maison', 'chambre', 'appartement', 'dormir', '', '', ''),
(129, 'chose', 39, '30/06/2015 14:16', 'facile', 'fr', 'table', 'bureau', '', '', '', '', ''),
(132, 'fruits', 39, '30/06/2015 16:18', 'facile', 'fr', 'poire', 'fruit', '', '', '', '', ''),
(133, 'fruits', 39, '30/06/2015 16:26', 'facile', 'fr', 'poire', 'fruit', '', '', '', '', ''),
(135, 'sens', 61, '30/06/2015 17:11', 'facile', '', 'odeur', 'sentir', 'parfum', 'nez', 'arôme', '', ''),
(136, 'jeu', 61, '30/06/2015 17:12', 'facile', '', 'As', 'champion', 'meilleur', 'carte', 'premier', '', ''),
(137, 'ferme', 61, '30/06/2015 17:13', 'moyen', '', 'Elevage', 'engraisser', 'animaux', 'ferme', 'nourrir', 'agriculture', ''),
(138, 'Etude', 61, '30/06/2015 17:16', 'facile', '', 'Etudiant', 'professeur', 'étudier', 'université', 'études', 'formation', ''),
(139, 'circulation', 61, '30/06/2015 17:17', 'facile', '', 'Voiture', 'conduire', 'rouler', 'feu', 'conducteur', 'volant', ''),
(140, 'hygiène', 61, '30/06/2015 17:19', 'facile', '', 'Douche', 'bain', 'savon', 'se laver', 'éponge', 'champoing', ''),
(141, 'divertissement', 61, '30/06/2015 17:20', 'facile', '', 'Télévision', 'regarder', 'film', 'série', 'acteur', 'actrice', ''),
(142, 'bureautique', 61, '30/06/2015 17:22', 'facile', '', 'Ordinateur', 'travail', 'informatique', 'souris', 'écran', 'clavier', ''),
(143, 'animaux', 61, '30/06/2015 17:23', 'facile', '', 'Chien', 'mordre', 'animal', 'maison', 'aboyer', 'fidèle', ''),
(144, 'courrier', 61, '30/06/2015 17:24', 'facile', '', 'La poste', 'timbres', 'facteur', 'lettre', 'courrier', 'boîte aux lettres', ''),
(145, 'communication', 61, '30/06/2015 17:25', 'facile', '', 'Téléphone', 'portable', 'parler', 'ligne', 'numéro', 'sonner', 'allo'),
(146, 'alimentation', 61, '30/06/2015 17:27', 'facile', '', 'Boulangerie', 'boulanger', 'pain', 'acheter', 'pâtisserie', 'Viennoiserie', 'farine'),
(150, 'sport', 99, '05/07/2015 18:20', 'facile', 'en', 'Tournoi', 'Compétition', 'Match', 'Eliminatoire', 'Football', '', ''),
(151, 'hygiène', 99, '05/07/2015 18:22', 'facile', 'en', 'Shampooing', 'Lavage', 'Cheveux', 'Douche', '', '', ''),
(152, '', 98, '07/07/2015 11:39', 'facile', 'fr', 'dorsale océanique', 'milieu aquatique', 'Atlantique', 'Géologie', 'Hawaii', 'Ion', ''),
(154, 'technologie', 98, '07/07/2015 12:02', 'difficile', 'fr', 'téléphone', 'mobile', 'portable', 'sms', '', '', ''),
(157, 'végétation', 113, '08/07/2015 00:00', 'moyen', 'fr', 'plante', 'vert', 'arbre', 'herbe', 'végétal', 'intérieur', ''),
(164, 'etude', 113, '08/07/2015 00:15', 'moyen', 'fr', 'test', 'examen', 'évaluation', 'compétence', 'diplôme', 'devoir', ''),
(165, 'autres', 98, '08/07/2015 11:25', 'moyen', 'fr', 'lunettes', 'vue', 'verres', 'lentilles', 'yeux', '', ''),
(166, 'technologie', 114, '08/07/2015 11:27', 'facile', 'fr', 'test', 'te', '', '', '', '', ''),
(167, 'technologie', 114, '08/07/2015 12:34', 'facile', 'de', 'test', 'tete', '', '', '', '', ''),
(168, 'technologie', 115, '08/07/2015 14:02', 'facile', 'fr', 'test2', 'teteet', 'aea', '', '', '', ''),
(169, 'alimentation', 115, '08/07/2015 14:03', 'moyen', 'de', 'choucroute', 'choux', 'alsace', 'saucisse', '', '', ''),
(170, 'technologie', 98, '08/07/2015 14:21', 'facile', 'de', 'te2', 'tete', '', '', '', '', ''),
(171, 'chose', 121, '09/07/2015 13:57', 'facile', 'ty', 'pool', 'argent', 'money', '', '', '', ''),
(172, 'jeux', 121, '09/07/2015 13:58', 'facile', 'fr', 'bazi', 'jeu', 'play', '', '', '', ''),
(173, '', 122, '09/07/2015 16:40', 'facile', 'fr', 'Pisano', 'commune', 'Italie', 'Novare', 'Piémont', 'Armeno', ''),
(174, 'circulation', 113, '09/07/2015 22:19', 'facile', 'fr', 'Embouteillage', 'Bouchon', 'Route', 'Ralentissement', 'Voiture', 'Incident', ''),
(175, 'jeu', 113, '09/07/2015 22:23', 'facile', 'fr', 'Monopoly', 'jeu', 'société', 'plateau', 'investissement', 'rue', ''),
(176, 'chose', 119, '09/07/2015 23:42', 'facile', 'en', 'chair', 'furniture', 'sit', 'table', '', '', ''),
(184, 'autres', 98, '10/07/2015 11:51', 'facile', 'fr', 'feuille', 'arbre', 'écrire', '', '', '', ''),
(185, 'sport', 121, '10/07/2015 11:52', 'facile', 'es', 'habitt', 'test', '', '', '', '', ''),
(186, '', 124, '10/07/2015 12:26', 'facile', 'fr', 'dormant', 'botanique', 'serrurerie', 'sommeil', 'espionnage', 'renseignement', ''),
(188, 'chose', 122, '10/07/2015 23:29', 'moyen', 'es', 'habitacion', 'casa', '', '', '', '', '');

-- --------------------------------------------------------

--
-- Structure de la table `coeff_niveau_langue`
--

CREATE TABLE IF NOT EXISTS `coeff_niveau_langue` (
  `niveau_langue` varchar(100) CHARACTER SET utf8 COLLATE utf8_unicode_ci NOT NULL,
  `coeff` float NOT NULL
) ENGINE=InnoDB DEFAULT CHARSET=latin1;

--
-- Contenu de la table `coeff_niveau_langue`
--

INSERT INTO `coeff_niveau_langue` (`niveau_langue`, `coeff`) VALUES
('Débutant', 1.5),
('Intermédiaire', 1.2),
('Avancé', 1),
('Natif', 0.5);

-- --------------------------------------------------------

--
-- Structure de la table `coeff_statut`
--

CREATE TABLE IF NOT EXISTS `coeff_statut` (
  `id` int(11) NOT NULL AUTO_INCREMENT,
  `coeff` float NOT NULL,
  PRIMARY KEY (`id`)
) ENGINE=InnoDB  DEFAULT CHARSET=latin1 AUTO_INCREMENT=4 ;

--
-- Contenu de la table `coeff_statut`
--

INSERT INTO `coeff_statut` (`id`, `coeff`) VALUES
(1, 1),
(2, 1.25),
(3, 1.5);

-- --------------------------------------------------------

--
-- Structure de la table `enregistrement`
--

CREATE TABLE IF NOT EXISTS `enregistrement` (
  `enregistrementID` int(11) NOT NULL AUTO_INCREMENT,
  `cheminEnregistrement` varchar(100) CHARACTER SET utf8 COLLATE utf8_unicode_ci NOT NULL,
  `idOracle` int(30) NOT NULL,
  `OracleLang` text CHARACTER SET utf8 COLLATE utf8_unicode_ci NOT NULL,
  `tpsEnregistrement` text CHARACTER SET utf8 COLLATE utf8_unicode_ci NOT NULL,
  `carteID` int(11) NOT NULL,
  `nivcarte` text CHARACTER SET utf8 COLLATE utf8_unicode_ci NOT NULL,
  `validation` varchar(20) CHARACTER SET utf8 COLLATE utf8_unicode_ci NOT NULL DEFAULT '0',
  PRIMARY KEY (`enregistrementID`)
) ENGINE=InnoDB  DEFAULT CHARSET=latin1 AUTO_INCREMENT=930 ;

--
-- Contenu de la table `enregistrement`
--

INSERT INTO `enregistrement` (`enregistrementID`, `cheminEnregistrement`, `idOracle`, `OracleLang`, `tpsEnregistrement`, `carteID`, `nivcarte`, `validation`) VALUES
(2, 'oracle358999.mp3', 5, 'fr', '24/02/2015 04:11', 9, 'difficile', 'valid'),
(5, 'oracle169999.mp3', 5, 'fr', '24/02/2015 04:21', 6, 'difficile', 'valid'),
(9, 'oracle6458471.mp3', 2, 'en', '24/02/2015 23:56', 1, 'facile', 'valid'),
(11, 'oracle6388681.mp3', 4, 'fr', '24/02/2015 23:59', 6, 'difficile', 'valid'),
(12, 'oracle4940501.mp3', 4, 'fr', '25/02/2015 00:06', 4, 'facile', 'valid'),
(13, 'oracle6172621.mp3', 4, 'fr', '25/02/2015 00:08', 7, 'difficile', 'valid'),
(14, 'oracle2767651.mp3', 2, 'fr', '25/02/2015 00:18', 14, 'moyen', 'valid'),
(16, 'oracle6518981.mp3', 2, 'fr', '25/02/2015 00:32', 14, 'moyen', 'valid'),
(17, 'oracle5373921.mp3', 2, 'fr', '25/02/2015 00:45', 8, 'difficile', 'valid'),
(18, 'oracle8851001.mp3', 2, 'fr', '25/02/2015 00:49', 16, 'facile', 'valid'),
(19, 'oracle1607411.mp3', 2, 'fr', '25/02/2015 03:32', 18, 'facile', 'valid'),
(21, 'oracle2987821.mp3', 1, 'fr', '25/02/2015 04:06', 14, 'moyen', 'valid'),
(26, 'oracle4582221.mp3', 2, 'fr', '25/02/2015 16:45', 13, 'difficile', 'valid'),
(28, 'oracle5377541.mp3', 8, 'fr', '26/02/2015 17:00', 27, 'moyen', 'valid'),
(290, 'oracle6405821.mp3', 11, 'fr', '01/04/2015 11:36', 69, 'facile', 'valid'),
(472, 'oracle8487231.mp3', 11, 'fr', '07/04/2015 23:52', 62, 'facile', 'valid'),
(848, 'oracle8509041.ogg', 59, 'fr', '16/06/2015 12:15', 53, 'facile', 'valid'),
(849, 'oracle7592381.ogg', 59, 'fr', '16/06/2015 12:40', 59, 'facile', 'valid'),
(851, 'oracle6134471.ogg', 59, 'fr', '16/06/2015 12:57', 38, 'facile', 'valid'),
(860, 'oracle7736241.ogg', 24, 'fr', '17/06/2015 13:43', 52, 'facile', 'valid'),
(861, 'oracle8787121.ogg', 24, 'fr', '17/06/2015 13:44', 60, 'facile', 'valid'),
(862, 'oracle1908631.ogg', 59, 'fr', '17/06/2015 15:36', 16, 'facile', '0'),
(869, 'oracle4045201.ogg', 24, 'fr', '23/06/2015 15:29', 99, 'facile', 'valid'),
(875, 'oracle2050911.ogg', 24, 'fr', '23/06/2015 15:34', 46, 'facile', 'valid'),
(877, 'oracle8593851.ogg', 24, 'fr', '23/06/2015 15:37', 13, 'difficile', 'valid'),
(880, 'oracle2874901.ogg', 24, 'fr', '23/06/2015 15:40', 44, 'facile', '0'),
(883, 'oracle9277031.ogg', 24, 'fr', '23/06/2015 15:45', 19, 'facile', 'valid'),
(889, 'oracle511871.ogg', 24, 'fr', '23/06/2015 15:50', 54, 'facile', '0'),
(896, 'oracle3253291.ogg', 98, 'fr', '02/07/2015 16:19', 37, 'facile', 'valid'),
(899, 'oracle2247721.ogg', 98, 'fr', '02/07/2015 16:33', 129, 'facile', 'valid'),
(910, 'oracle4943451.ogg', 98, 'fr', '07/07/2015 11:38', 56, 'facile', '0'),
(911, 'oracle3643111.ogg', 103, 'de', '08/07/2015 12:36', 167, 'facile', 'valid'),
(912, 'oracle2349611.ogg', 114, 'de', '08/07/2015 14:03', 169, 'moyen', 'valid'),
(914, 'oracle2897921.ogg', 103, 'de', '08/07/2015 14:06', 169, 'moyen', '0'),
(915, 'oracle5526131.ogg', 103, 'de', '08/07/2015 14:22', 170, 'facile', 'valid'),
(916, 'oracle2583041.ogg', 122, 'fr', '09/07/2015 16:40', 173, 'facile', 'valid'),
(917, 'oracle8624921.ogg', 120, 'fr', '09/07/2015 23:33', 127, 'facile', 'valid'),
(918, 'oracle6317891.ogg', 120, 'fr', '09/07/2015 23:35', 172, 'facile', '0'),
(919, 'oracle3197471.ogg', 120, 'en', '09/07/2015 23:42', 125, 'moyen', 'valid'),
(920, 'oracle1446651.ogg', 120, 'en', '09/07/2015 23:43', 15, 'moyen', 'valid'),
(926, 'oracle2245001.ogg', 124, 'fr', '10/07/2015 12:26', 186, 'facile', 'valid'),
(927, 'oracle5883151.ogg', 113, 'fr', '10/07/2015 22:16', 152, 'facile', '0'),
(928, 'oracle6096641.ogg', 120, 'es', '10/07/2015 23:14', 185, 'facile', '0'),
(929, 'oracle9833561.ogg', 119, 'es', '10/07/2015 23:30', 188, 'moyen', 'valid');

-- --------------------------------------------------------

--
-- Structure de la table `game_lvl`
--

CREATE TABLE IF NOT EXISTS `game_lvl` (
  `userlvl` varchar(35) CHARACTER SET utf8 COLLATE utf8_unicode_ci NOT NULL,
  `time` int(11) NOT NULL,
  `points` int(11) NOT NULL,
  `pointsSanction` int(11) NOT NULL,
  PRIMARY KEY (`userlvl`)
) ENGINE=InnoDB DEFAULT CHARSET=latin1;

--
-- Contenu de la table `game_lvl`
--

INSERT INTO `game_lvl` (`userlvl`, `time`, `points`, `pointsSanction`) VALUES
('easy', 90, 10, 0),
('hard', 45, 40, 0),
('medium', 60, 20, 0);

-- --------------------------------------------------------

--
-- Structure de la table `notif`
--

CREATE TABLE IF NOT EXISTS `notif` (
  `userid` int(11) NOT NULL,
  `message` varchar(100) CHARACTER SET utf8 COLLATE utf8_unicode_ci NOT NULL,
  `emetteur` int(11) NOT NULL,
  `id` int(11) NOT NULL AUTO_INCREMENT,
  `state` int(11) NOT NULL,
  `game` varchar(20) CHARACTER SET utf8 COLLATE utf8_unicode_ci NOT NULL,
  `time` text CHARACTER SET utf8 COLLATE utf8_unicode_ci NOT NULL,
  PRIMARY KEY (`id`)
) ENGINE=InnoDB  DEFAULT CHARSET=latin1 AUTO_INCREMENT=413 ;

-- --------------------------------------------------------

--
-- Structure de la table `parties`
--

CREATE TABLE IF NOT EXISTS `parties` (
  `partieID` int(11) NOT NULL AUTO_INCREMENT,
  `enregistrementID` int(11) NOT NULL,
  `tpsDevin` text CHARACTER SET utf8 COLLATE utf8_unicode_ci NOT NULL,
  `idDevin` int(11) NOT NULL,
  `tpsdejeu` text CHARACTER SET utf8 COLLATE utf8_unicode_ci NOT NULL,
  `reussie` text CHARACTER SET utf8 COLLATE utf8_unicode_ci NOT NULL,
  PRIMARY KEY (`partieID`)
) ENGINE=InnoDB  DEFAULT CHARSET=latin1 AUTO_INCREMENT=1173 ;

--
-- Contenu de la table `parties`
--

INSERT INTO `parties` (`partieID`, `enregistrementID`, `tpsDevin`, `idDevin`, `tpsdejeu`, `reussie`) VALUES
(318, 19, '19/03/2015 11:48:37', 13, '', 'en cours'),
(320, 39, '19/03/2015 11:49:11', 13, '', 'oui'),
(321, 18, '19/03/2015 11:49:57', 13, '', 'oui'),
(322, 12, '19/03/2015 11:50:07', 13, '', 'oui'),
(323, 28, '19/03/2015 11:50:18', 13, '', 'oui'),
(324, 24, '19/03/2015 11:50:29', 13, '', 'oui'),
(325, 38, '19/03/2015 11:50:37', 13, '', 'oui'),
(326, 32, '19/03/2015 11:51:03', 13, '', 'oui'),
(327, 21, '19/03/2015 11:51:25', 13, '', 'oui'),
(328, 14, '19/03/2015 11:53:02', 13, '', 'oui'),
(329, 5, '19/03/2015 11:53:11', 13, '', 'oui'),
(330, 17, '19/03/2015 11:53:21', 13, '', 'oui'),
(331, 23, '19/03/2015 11:53:59', 13, '', 'oui'),
(332, 13, '19/03/2015 11:54:32', 13, '', 'non'),
(333, 26, '19/03/2015 11:55:37', 13, '', 'oui'),
(334, 16, '19/03/2015 11:55:45', 13, '', 'oui'),
(335, 15, '19/03/2015 11:56:58', 13, '', 'oui'),
(336, 30, '19/03/2015 11:57:13', 13, '', 'oui'),
(337, 2, '19/03/2015 11:59:32', 13, '', 'oui'),
(338, 11, '19/03/2015 12:04:42', 13, '', 'oui'),
(339, 29, '19/03/2015 12:06:07', 13, '', 'oui'),
(340, 2, '19/03/2015 14:37:41', 9, '', 'en cours'),
(341, 12, '20/03/2015 09:48:10', 9, '', 'oui'),
(342, 26, '20/03/2015 09:50:15', 9, '', 'oui'),
(343, 24, '20/03/2015 09:52:17', 9, '', 'en cours'),
(344, 39, '20/03/2015 09:54:50', 9, '', 'en cours'),
(351, 15, '23/03/2015 15:17:04', 13, '', 'non'),
(352, 32, '23/03/2015 15:18:18', 13, '', 'non'),
(353, 0, '23/03/2015 15:32:06', 13, '', 'non'),
(354, 0, '23/03/2015 15:33:32', 13, '', 'non'),
(355, 15, '23/03/2015 15:35:37', 13, '', 'non'),
(356, 11, '23/03/2015 15:56:37', 9, '', 'oui'),
(357, 14, '23/03/2015 15:57:17', 9, '', 'oui'),
(358, 13, '23/03/2015 15:57:33', 9, '', 'oui'),
(359, 28, '23/03/2015 15:57:52', 9, '', 'non'),
(360, 15, '23/03/2015 15:59:08', 9, '', 'non'),
(361, 21, '23/03/2015 16:00:21', 9, '', 'non'),
(362, 23, '23/03/2015 16:03:14', 9, '', 'en cours'),
(363, 19, '23/03/2015 16:12:13', 9, '', 'en cours'),
(364, 5, '23/03/2015 16:12:44', 9, '', 'en cours'),
(365, 18, '23/03/2015 16:12:57', 9, '', 'en cours'),
(366, 38, '23/03/2015 16:13:24', 9, '', 'en cours'),
(367, 17, '23/03/2015 16:13:26', 9, '', 'en cours'),
(368, 16, '23/03/2015 16:14:02', 9, '', 'en cours'),
(369, 14, '23/03/2015 16:15:26', 16, '', 'oui'),
(370, 39, '23/03/2015 16:15:42', 16, '', 'en cours'),
(371, 17, '23/03/2015 16:16:24', 16, '', 'oui'),
(372, 21, '23/03/2015 16:16:40', 16, '', 'oui'),
(373, 2, '23/03/2015 16:17:18', 16, '', 'oui'),
(374, 5, '23/03/2015 16:17:50', 16, '', 'oui'),
(375, 38, '23/03/2015 16:17:58', 16, '', 'oui'),
(376, 28, '23/03/2015 16:18:09', 16, '', 'oui'),
(377, 12, '23/03/2015 16:18:36', 16, '', 'oui'),
(378, 18, '23/03/2015 16:18:45', 16, '', 'oui'),
(379, 29, '23/03/2015 16:18:58', 16, '', 'non'),
(380, 30, '23/03/2015 16:20:12', 16, '', 'oui'),
(381, 15, '23/03/2015 16:20:20', 16, '', 'oui'),
(382, 11, '23/03/2015 16:20:36', 16, '', 'oui'),
(383, 32, '23/03/2015 16:20:43', 16, '', 'non'),
(384, 16, '23/03/2015 16:21:52', 16, '', 'oui'),
(385, 24, '23/03/2015 16:22:08', 16, '', 'oui'),
(386, 23, '23/03/2015 16:22:17', 16, '', 'oui'),
(387, 13, '23/03/2015 16:22:27', 16, '', 'oui'),
(388, 19, '23/03/2015 16:22:50', 16, '', 'oui'),
(389, 26, '23/03/2015 16:23:01', 16, '', 'oui'),
(390, 16, '24/03/2015 13:45:32', 17, '', 'oui'),
(391, 23, '24/03/2015 13:45:59', 17, '', 'non'),
(392, 2, '24/03/2015 13:47:15', 17, '', 'en cours'),
(393, 11, '24/03/2015 13:48:05', 17, '', 'non'),
(394, 18, '24/03/2015 13:51:56', 17, '', 'en cours'),
(395, 38, '24/03/2015 13:52:29', 17, '', 'non'),
(396, 13, '24/03/2015 13:55:33', 17, '', 'en cours'),
(397, 12, '24/03/2015 13:55:57', 17, '', 'en cours'),
(398, 5, '24/03/2015 13:56:18', 17, '', 'en cours'),
(399, 29, '24/03/2015 13:57:11', 17, '', 'oui'),
(400, 24, '24/03/2015 13:57:34', 17, '', 'oui'),
(401, 15, '24/03/2015 13:57:50', 17, '', 'en cours'),
(402, 32, '24/03/2015 13:58:03', 17, '', 'oui'),
(403, 17, '24/03/2015 14:00:08', 17, '', 'en cours'),
(404, 21, '24/03/2015 14:00:21', 17, '', 'en cours'),
(405, 14, '24/03/2015 14:11:37', 17, '', 'en cours'),
(406, 26, '24/03/2015 14:12:03', 17, '', 'en cours'),
(407, 28, '24/03/2015 14:12:16', 17, '', 'oui'),
(408, 30, '24/03/2015 14:13:27', 17, '', 'en cours'),
(409, 39, '24/03/2015 14:13:55', 17, '', 'en cours'),
(410, 19, '24/03/2015 14:14:27', 17, '', 'oui'),
(411, 11, '24/03/2015 14:15:39', 18, '', 'oui'),
(412, 29, '24/03/2015 14:16:10', 18, '', 'en cours'),
(413, 19, '24/03/2015 14:16:22', 18, '', 'en cours'),
(414, 17, '24/03/2015 14:21:43', 18, '', 'non'),
(415, 5, '24/03/2015 14:22:53', 18, '', 'oui'),
(416, 39, '24/03/2015 14:23:30', 18, '', 'en cours'),
(417, 16, '24/03/2015 14:23:45', 18, '', 'en cours'),
(418, 23, '24/03/2015 14:26:02', 18, '', 'oui'),
(419, 32, '24/03/2015 14:26:18', 18, '', 'en cours'),
(420, 38, '24/03/2015 14:26:29', 18, '', 'en cours'),
(421, 15, '24/03/2015 14:28:14', 18, '', 'oui'),
(422, 18, '24/03/2015 14:29:14', 18, '', 'en cours'),
(423, 24, '24/03/2015 14:29:22', 18, '', 'en cours'),
(424, 26, '24/03/2015 14:31:52', 18, '', 'oui'),
(425, 12, '24/03/2015 14:32:19', 18, '', 'en cours'),
(426, 21, '24/03/2015 14:32:35', 18, '', 'en cours'),
(427, 13, '24/03/2015 14:34:14', 18, '', 'oui'),
(428, 28, '24/03/2015 14:34:47', 18, '', 'en cours'),
(429, 2, '24/03/2015 14:34:57', 18, '', 'en cours'),
(430, 15, '24/03/2015 14:37:40', 19, '', 'oui'),
(431, 38, '24/03/2015 14:38:10', 19, '', 'oui'),
(432, 28, '24/03/2015 14:38:34', 19, '', 'en cours'),
(433, 16, '24/03/2015 14:38:40', 19, '', 'en cours'),
(434, 17, '24/03/2015 14:40:23', 19, '', 'oui'),
(435, 21, '24/03/2015 14:40:46', 19, '', 'en cours'),
(436, 23, '24/03/2015 14:40:50', 19, '', 'non'),
(437, 19, '24/03/2015 14:42:11', 19, '', 'oui'),
(438, 5, '24/03/2015 14:42:26', 19, '', 'en cours'),
(439, 11, '24/03/2015 14:42:30', 19, '', 'non'),
(440, 14, '24/03/2015 14:43:30', 18, '', 'oui'),
(441, 30, '24/03/2015 14:43:52', 18, '', 'en cours'),
(442, 32, '24/03/2015 14:44:51', 19, '', 'oui'),
(443, 12, '24/03/2015 14:45:06', 19, '', 'en cours'),
(444, 29, '24/03/2015 14:45:11', 19, '', 'en cours'),
(445, 39, '24/03/2015 14:45:29', 19, '', 'oui'),
(446, 26, '24/03/2015 14:46:13', 19, '', 'en cours'),
(447, 18, '24/03/2015 14:46:16', 19, '', 'non'),
(448, 24, '24/03/2015 14:48:00', 19, '', 'en cours'),
(449, 13, '24/03/2015 14:48:06', 19, '', 'en cours'),
(450, 12, '24/03/2015 14:50:10', 20, '', 'oui'),
(451, 5, '24/03/2015 14:50:29', 20, '', 'en cours'),
(452, 26, '24/03/2015 14:50:48', 20, '', 'en cours'),
(453, 28, '24/03/2015 14:52:03', 20, '', 'oui'),
(454, 17, '24/03/2015 14:52:30', 20, '', 'en cours'),
(455, 16, '24/03/2015 14:52:40', 20, '', 'en cours'),
(456, 13, '24/03/2015 14:52:57', 20, '', 'oui'),
(457, 29, '24/03/2015 14:53:49', 20, '', 'oui'),
(458, 21, '24/03/2015 14:54:11', 20, '', 'en cours'),
(459, 18, '24/03/2015 14:54:16', 20, '', 'oui'),
(460, 2, '24/03/2015 15:04:00', 19, '', 'oui'),
(461, 30, '24/03/2015 15:04:17', 19, '', 'en cours'),
(462, 14, '24/03/2015 15:04:21', 19, '', 'en cours'),
(463, 32, '24/03/2015 15:05:00', 20, '', 'oui'),
(464, 38, '24/03/2015 15:05:39', 20, '', 'en cours'),
(465, 14, '24/03/2015 15:05:56', 20, '', 'en cours'),
(466, 24, '24/03/2015 15:07:43', 20, '', 'en cours'),
(467, 39, '24/03/2015 15:07:57', 20, '', 'en cours'),
(468, 11, '24/03/2015 15:13:18', 20, '', 'en cours'),
(469, 2, '24/03/2015 15:13:29', 20, '', 'en cours'),
(470, 30, '24/03/2015 15:16:01', 20, '', 'en cours'),
(471, 15, '24/03/2015 15:16:19', 20, '', 'en cours'),
(472, 19, '24/03/2015 15:22:03', 20, '', 'en cours'),
(473, 23, '24/03/2015 15:22:13', 20, '', 'en cours'),
(474, 13, '24/03/2015 15:23:20', 21, '', 'en cours'),
(475, 18, '24/03/2015 15:24:07', 21, '', 'en cours'),
(476, 32, '24/03/2015 15:24:08', 21, '', 'en cours'),
(477, 23, '24/03/2015 15:24:09', 21, '', 'en cours'),
(478, 2, '24/03/2015 15:24:10', 21, '', 'en cours'),
(479, 11, '24/03/2015 15:25:07', 21, '', 'en cours'),
(480, 26, '24/03/2015 15:25:16', 21, '', 'oui'),
(481, 5, '24/03/2015 15:25:32', 21, '', 'en cours'),
(482, 38, '24/03/2015 15:25:40', 21, '', 'en cours'),
(483, 14, '24/03/2015 15:28:38', 21, '', 'en cours'),
(484, 21, '24/03/2015 15:29:04', 21, '', 'oui'),
(485, 12, '24/03/2015 15:29:17', 21, '', 'en cours'),
(486, 15, '24/03/2015 15:29:23', 21, '', 'en cours'),
(487, 28, '24/03/2015 15:29:53', 21, '', 'en cours'),
(488, 29, '24/03/2015 15:30:57', 21, '', 'en cours'),
(489, 17, '24/03/2015 15:31:09', 21, '', 'en cours'),
(490, 39, '24/03/2015 15:31:59', 21, '', 'non'),
(491, 19, '24/03/2015 15:34:39', 21, '', 'en cours'),
(492, 24, '24/03/2015 15:35:28', 21, '', 'en cours'),
(493, 16, '24/03/2015 15:36:28', 21, '', 'oui'),
(494, 30, '24/03/2015 15:36:40', 21, '', 'en cours'),
(495, 2, '24/03/2015 15:40:32', 22, '', 'oui'),
(496, 12, '24/03/2015 15:41:01', 22, '', 'en cours'),
(497, 32, '24/03/2015 15:41:05', 22, '', 'en cours'),
(498, 16, '24/03/2015 15:41:12', 22, '', 'oui'),
(499, 38, '24/03/2015 15:41:38', 22, '', 'en cours'),
(500, 39, '24/03/2015 15:41:41', 22, '', 'en cours'),
(501, 23, '24/03/2015 15:41:49', 22, '', 'en cours'),
(502, 15, '24/03/2015 15:41:59', 22, '', 'oui'),
(503, 38, '24/03/2015 15:42:48', 23, '', 'oui'),
(504, 12, '24/03/2015 15:43:18', 23, '', 'en cours'),
(505, 39, '24/03/2015 15:43:19', 23, '', 'non'),
(506, 30, '24/03/2015 15:47:47', 23, '', 'en cours'),
(507, 14, '24/03/2015 15:47:54', 23, '', 'en cours'),
(508, 29, '24/03/2015 15:49:32', 23, '', 'en cours'),
(509, 16, '24/03/2015 15:50:05', 23, '', 'en cours'),
(510, 26, '24/03/2015 15:50:15', 23, '', 'en cours'),
(511, 32, '24/03/2015 15:50:34', 23, '', 'en cours'),
(512, 5, '24/03/2015 15:50:53', 23, '', 'non'),
(513, 19, '24/03/2015 15:55:24', 22, '', 'en cours'),
(514, 14, '24/03/2015 15:55:31', 22, '', 'en cours'),
(515, 21, '24/03/2015 15:58:23', 22, '', 'oui'),
(516, 18, '24/03/2015 15:58:47', 22, '', 'en cours'),
(517, 28, '24/03/2015 15:58:52', 22, '', 'en cours'),
(518, 13, '24/03/2015 16:00:53', 22, '', 'en cours'),
(519, 19, '24/03/2015 16:06:40', 23, '', 'en cours'),
(520, 15, '24/03/2015 16:06:44', 23, '', 'non'),
(521, 2, '24/03/2015 16:11:50', 23, '', 'en cours'),
(522, 17, '24/03/2015 16:11:53', 23, '', 'en cours'),
(523, 11, '24/03/2015 16:12:17', 23, '', 'en cours'),
(524, 21, '24/03/2015 16:20:16', 23, '', 'en cours'),
(525, 24, '24/03/2015 16:20:20', 23, '', 'non'),
(526, 18, '24/03/2015 16:26:22', 23, '', 'en cours'),
(527, 23, '24/03/2015 16:26:24', 23, '', 'en cours'),
(528, 13, '24/03/2015 16:27:59', 23, '', 'en cours'),
(529, 28, '24/03/2015 16:31:11', 23, '', 'en cours'),
(530, 30, '25/03/2015 10:52:35', 24, '', 'oui'),
(531, 28, '25/03/2015 10:52:58', 24, '', 'en cours'),
(532, 14, '25/03/2015 10:53:18', 24, '', 'en cours'),
(533, 18, '25/03/2015 10:53:35', 24, '', 'en cours'),
(534, 32, '25/03/2015 11:53:28', 24, '', 'en cours'),
(535, 15, '25/03/2015 11:54:27', 24, '', 'non'),
(536, 12, '25/03/2015 12:18:40', 24, '', 'en cours'),
(537, 29, '25/03/2015 12:18:45', 24, '', 'en cours'),
(538, 21, '25/03/2015 12:21:42', 24, '', 'non'),
(539, 24, '25/03/2015 12:23:24', 24, '', 'en cours'),
(540, 2, '25/03/2015 12:23:30', 24, '', 'non'),
(541, 39, '25/03/2015 12:25:50', 24, '', 'en cours'),
(542, 19, '25/03/2015 12:25:52', 24, '', 'non'),
(543, 17, '25/03/2015 12:26:55', 24, '', 'oui'),
(544, 26, '25/03/2015 12:27:37', 24, '', 'en cours'),
(545, 11, '25/03/2015 12:27:39', 24, '', 'non'),
(546, 38, '25/03/2015 12:30:33', 24, '', 'en cours'),
(547, 5, '25/03/2015 12:30:36', 24, '', 'non'),
(548, 16, '25/03/2015 12:36:47', 24, '', 'en cours'),
(549, 23, '25/03/2015 12:36:49', 24, '', 'en cours'),
(550, 13, '25/03/2015 12:37:43', 24, '', 'en cours'),
(551, 26, '25/03/2015 14:15:49', 25, '', 'oui'),
(552, 39, '25/03/2015 14:16:14', 25, '', 'en cours'),
(553, 23, '25/03/2015 14:16:17', 25, '', 'en cours'),
(554, 29, '25/03/2015 14:17:08', 25, '', 'en cours'),
(555, 2, '25/03/2015 14:17:09', 25, '', 'en cours'),
(556, 38, '25/03/2015 14:17:09', 25, '', 'en cours'),
(557, 21, '25/03/2015 14:17:10', 25, '', 'en cours'),
(558, 11, '25/03/2015 14:17:11', 25, '', 'en cours'),
(559, 24, '25/03/2015 14:17:12', 25, '', 'en cours'),
(560, 16, '25/03/2015 14:21:01', 25, '', 'en cours'),
(561, 32, '25/03/2015 14:21:10', 25, '', 'oui'),
(562, 13, '25/03/2015 14:21:24', 25, '', 'oui'),
(563, 19, '25/03/2015 14:21:40', 25, '', 'en cours'),
(564, 5, '25/03/2015 14:21:42', 25, '', 'en cours'),
(565, 14, '25/03/2015 14:32:13', 25, '', 'en cours'),
(566, 30, '25/03/2015 14:32:35', 25, '', 'oui'),
(567, 12, '25/03/2015 14:32:54', 25, '', 'en cours'),
(568, 18, '25/03/2015 14:32:59', 25, '', 'oui'),
(569, 15, '25/03/2015 14:33:18', 25, '', 'oui'),
(570, 28, '25/03/2015 14:34:07', 25, '', 'oui'),
(571, 17, '25/03/2015 14:38:21', 25, '', 'en cours'),
(572, 17, '26/03/2015 22:55:37', 26, '', 'non'),
(573, 2, '26/03/2015 22:58:10', 26, '', 'non'),
(574, 29, '26/03/2015 22:59:48', 26, '', 'non'),
(575, 24, '26/03/2015 23:11:45', 26, '', 'non'),
(576, 5, '26/03/2015 23:20:54', 26, '', 'non'),
(577, 38, '26/03/2015 23:36:03', 26, '', 'non'),
(578, 23, '26/03/2015 23:49:10', 26, '', 'non'),
(579, 14, '26/03/2015 23:50:57', 26, '', 'non'),
(580, 13, '26/03/2015 23:53:04', 26, '', 'non'),
(581, 30, '26/03/2015 23:56:41', 26, '', 'non'),
(582, 32, '26/03/2015 23:58:31', 26, '', 'en cours'),
(583, 26, '26/03/2015 23:58:56', 26, '', 'non'),
(584, 19, '27/03/2015 00:00:51', 26, '', 'non'),
(585, 28, '27/03/2015 00:04:47', 26, '', 'non'),
(586, 15, '27/03/2015 00:06:36', 26, '', 'non'),
(587, 39, '27/03/2015 00:07:44', 26, '', 'non'),
(588, 21, '27/03/2015 11:47:03', 26, '', 'non'),
(589, 12, '28/03/2015 19:38:52', 26, '', 'en cours'),
(590, 16, '28/03/2015 19:48:54', 26, '', 'en cours'),
(591, 11, '28/03/2015 19:54:00', 26, '', 'en cours'),
(592, 18, '28/03/2015 19:55:57', 26, '', 'en cours'),
(593, 2, '30/03/2015 16:38:23', 11, '', 'non'),
(594, 59, '31/03/2015 10:21:24', 24, '', 'en cours'),
(595, 64, '31/03/2015 10:42:10', 24, '', 'non'),
(596, 70, '31/03/2015 10:43:22', 24, '', 'non'),
(597, 189, '31/03/2015 10:43:28', 26, '', 'non'),
(598, 50, '31/03/2015 10:45:01', 24, '', 'non'),
(599, 221, '31/03/2015 10:46:18', 24, '', 'non'),
(600, 31, '31/03/2015 11:00:54', 24, '', 'en cours'),
(601, 29, '31/03/2015 11:01:46', 30, '', 'non'),
(602, 39, '31/03/2015 11:03:07', 30, '', 'non'),
(603, 64, '31/03/2015 11:03:59', 25, '', 'en cours'),
(604, 221, '31/03/2015 11:04:08', 25, '', 'en cours'),
(605, 70, '31/03/2015 11:04:14', 25, '', 'en cours'),
(606, 31, '31/03/2015 11:04:19', 25, '', 'en cours'),
(607, 50, '31/03/2015 11:04:23', 25, '', 'en cours'),
(608, 59, '31/03/2015 11:04:33', 25, '', 'en cours'),
(609, 189, '31/03/2015 11:04:37', 25, '', 'en cours'),
(610, 31, '31/03/2015 11:04:58', 26, '', 'en cours'),
(611, 221, '31/03/2015 11:05:08', 26, '', 'en cours'),
(612, 17, '31/03/2015 11:06:40', 30, '', 'en cours'),
(613, 221, '31/03/2015 11:06:49', 30, '', 'en cours'),
(614, 30, '31/03/2015 11:07:01', 30, '', 'non'),
(615, 59, '31/03/2015 11:08:28', 30, '', 'en cours'),
(616, 24, '31/03/2015 11:08:37', 30, '', 'non'),
(617, 184, '31/03/2015 11:11:34', 25, '', 'en cours'),
(618, 18, '31/03/2015 11:19:42', 30, '', 'en cours'),
(619, 64, '31/03/2015 11:19:48', 30, '', 'non'),
(620, 14, '31/03/2015 11:21:40', 30, '', 'en cours'),
(621, 2, '31/03/2015 11:21:48', 30, '', 'non'),
(622, 51, '31/03/2015 11:27:48', 25, '', 'en cours'),
(623, 38, '31/03/2015 11:35:19', 30, '', 'en cours'),
(624, 13, '31/03/2015 11:35:28', 30, '', 'non'),
(625, 168, '31/03/2015 12:09:54', 25, '', 'oui'),
(626, 11, '31/03/2015 12:11:06', 30, '', 'en cours'),
(627, 201, '31/03/2015 12:11:39', 30, '', 'non'),
(628, 51, '31/03/2015 14:31:19', 24, '', 'non'),
(629, 226, '31/03/2015 15:15:39', 24, '', 'en cours'),
(630, 225, '31/03/2015 15:45:55', 24, '', 'non'),
(631, 26, '31/03/2015 15:45:56', 30, '', 'en cours'),
(632, 23, '31/03/2015 15:46:54', 30, '', 'en cours'),
(633, 168, '31/03/2015 15:47:27', 30, '', 'en cours'),
(634, 184, '02/04/2015 14:14:26', 26, '', 'en cours'),
(635, 16, '07/04/2015 10:52:36', 11, '', 'en cours'),
(636, 19, '07/04/2015 13:28:28', 11, '', 'en cours'),
(637, 51, '07/04/2015 13:29:41', 11, '', 'en cours'),
(638, 226, '07/04/2015 14:42:21', 26, '', 'en cours'),
(639, 70, '07/04/2015 15:05:26', 32, '', 'non'),
(640, 168, '07/04/2015 15:07:49', 32, '', 'non'),
(641, 15, '07/04/2015 15:16:06', 32, '', 'en cours'),
(642, 184, '07/04/2015 15:16:10', 32, '', 'en cours'),
(643, 5, '08/04/2015 12:55:00', 33, '', 'en cours'),
(644, 14, '08/04/2015 12:56:03', 33, '', 'non'),
(645, 221, '08/04/2015 12:57:21', 33, '', 'non'),
(646, 15, '08/04/2015 13:03:58', 33, '', 'en cours'),
(647, 13, '08/04/2015 13:52:51', 32, '', 'oui'),
(648, 189, '08/04/2015 13:53:08', 32, '', 'en cours'),
(649, 19, '08/04/2015 13:57:37', 32, '', 'en cours'),
(650, 11, '08/04/2015 14:02:18', 32, '', 'en cours'),
(651, 2, '08/04/2015 14:28:22', 32, '', 'en cours'),
(652, 221, '08/04/2015 15:15:58', 32, '', 'en cours'),
(653, 184, '21/04/2015 15:53:08', 34, '', 'en cours'),
(654, 14, '21/04/2015 15:54:00', 34, '', 'oui'),
(655, 2, '21/04/2015 16:00:48', 34, '', 'en cours'),
(656, 38, '07/05/2015 19:47:30', 1, '', 'en cours'),
(657, 226, '12/05/2015 16:02:51', 31, '', 'non'),
(658, 456, '12/05/2015 16:18:03', 31, '', 'en cours'),
(659, 220, '13/05/2015 02:17:13', 24, '', 'en cours'),
(660, 184, '13/05/2015 02:20:20', 11, '', 'en cours'),
(661, 11, '13/05/2015 02:20:46', 11, '', 'en cours'),
(662, 201, '13/05/2015 02:23:20', 11, '', 'en cours'),
(663, 225, '13/05/2015 02:23:35', 11, '', 'en cours'),
(664, 189, '13/05/2015 02:23:54', 11, '', 'en cours'),
(665, 13, '13/05/2015 02:24:08', 11, '', 'en cours'),
(666, 398, '19/05/2015 14:00:43', 24, '', 'en cours'),
(667, 419, '19/05/2015 14:00:50', 24, '', 'en cours'),
(668, 552, '19/05/2015 14:00:55', 24, '', 'en cours'),
(669, 397, '19/05/2015 14:06:07', 24, '', 'en cours'),
(670, 28, '19/05/2015 14:11:13', 38, '', 'oui'),
(671, 16, '19/05/2015 14:11:31', 38, '', 'oui'),
(672, 201, '19/05/2015 14:12:35', 38, '', 'en cours'),
(673, 32, '03/06/2015 11:45:04', 39, '', 'en cours'),
(674, 39, '04/06/2015 08:20:12', 39, '', 'en cours'),
(675, 787, '07/06/2015 23:12:51', 25, '', 'en cours'),
(676, 19, '08/06/2015 12:58:09', 40, '', 'en cours'),
(677, 28, '08/06/2015 12:58:21', 40, '', 'oui'),
(678, 2, '08/06/2015 13:54:37', 40, '', 'oui'),
(679, 13, '09/06/2015 17:06:22', 41, '', 'oui'),
(680, 19, '09/06/2015 17:07:29', 41, '', 'oui'),
(681, 2, '09/06/2015 17:07:48', 41, '', 'oui'),
(682, 14, '09/06/2015 17:08:47', 41, '', 'oui'),
(683, 18, '09/06/2015 17:09:03', 41, '', 'oui'),
(684, 5, '09/06/2015 17:35:19', 41, '', 'non'),
(685, 16, '09/06/2015 17:38:48', 41, '', 'en cours'),
(686, 11, '09/06/2015 17:39:28', 41, '', 'oui'),
(687, 21, '09/06/2015 17:51:10', 41, '', 'oui'),
(688, 17, '10/06/2015 14:50:52', 39, '', 'en cours'),
(689, 2, '10/06/2015 14:53:40', 39, '', 'en cours'),
(690, 14, '10/06/2015 14:54:45', 39, '', 'en cours'),
(691, 12, '10/06/2015 14:57:08', 39, '', 'en cours'),
(692, 26, '10/06/2015 14:57:15', 39, '', 'en cours'),
(693, 16, '10/06/2015 14:57:31', 39, '', 'en cours'),
(694, 11, '10/06/2015 14:57:45', 39, '', 'en cours'),
(695, 28, '10/06/2015 14:58:26', 39, '', 'en cours'),
(696, 12, '10/06/2015 14:59:29', 41, '', 'en cours'),
(697, 28, '10/06/2015 15:00:44', 41, '', 'en cours'),
(698, 17, '10/06/2015 15:00:44', 41, '', 'en cours'),
(699, 26, '10/06/2015 15:00:59', 41, '', 'en cours'),
(700, 5, '10/06/2015 15:17:18', 39, '', 'en cours'),
(701, 13, '10/06/2015 15:17:23', 39, '', 'en cours'),
(702, 26, '10/06/2015 15:18:24', 42, '', 'en cours'),
(703, 5, '10/06/2015 15:19:48', 42, '', 'en cours'),
(704, 16, '10/06/2015 15:20:11', 42, '', 'en cours'),
(705, 18, '10/06/2015 15:20:55', 42, '', 'en cours'),
(706, 17, '10/06/2015 15:20:59', 42, '', 'en cours'),
(707, 11, '10/06/2015 15:22:50', 42, '', 'en cours'),
(708, 14, '10/06/2015 15:23:18', 42, '', 'en cours'),
(709, 13, '10/06/2015 15:23:37', 42, '', 'en cours'),
(710, 28, '10/06/2015 15:24:15', 42, '', 'en cours'),
(711, 21, '10/06/2015 15:24:44', 42, '', 'en cours'),
(712, 12, '10/06/2015 15:25:33', 42, '', 'oui'),
(713, 18, '10/06/2015 15:25:37', 39, '', 'en cours'),
(714, 2, '10/06/2015 15:25:43', 42, '', 'oui'),
(715, 19, '10/06/2015 15:25:58', 42, '', 'oui'),
(716, 19, '10/06/2015 15:26:06', 39, '', 'en cours'),
(717, 21, '10/06/2015 15:26:21', 39, '', 'en cours'),
(718, 13, '10/06/2015 15:27:13', 43, '', 'en cours'),
(719, 5, '10/06/2015 15:28:25', 44, '', 'en cours'),
(720, 2, '10/06/2015 15:28:37', 43, '', 'en cours'),
(721, 16, '10/06/2015 15:28:49', 43, '', 'en cours'),
(722, 14, '10/06/2015 15:50:36', 44, '', 'en cours'),
(723, 16, '10/06/2015 15:51:38', 44, '', 'en cours'),
(724, 19, '10/06/2015 15:52:11', 44, '', 'en cours'),
(725, 12, '10/06/2015 15:52:35', 44, '', 'en cours'),
(726, 2, '10/06/2015 15:52:47', 44, '', 'en cours'),
(727, 18, '10/06/2015 15:54:38', 44, '', 'en cours'),
(728, 17, '10/06/2015 15:59:03', 44, '', 'en cours'),
(729, 26, '10/06/2015 15:59:28', 44, '', 'en cours'),
(730, 28, '10/06/2015 15:59:46', 44, '', 'en cours'),
(731, 21, '10/06/2015 16:00:47', 44, '', 'en cours'),
(732, 11, '10/06/2015 16:00:51', 44, '', 'en cours'),
(733, 13, '10/06/2015 16:01:14', 44, '', 'en cours'),
(734, 18, '10/06/2015 16:05:46', 45, '', 'en cours'),
(735, 16, '10/06/2015 16:07:19', 45, '', 'en cours'),
(736, 21, '10/06/2015 16:08:28', 45, '', 'en cours'),
(737, 13, '10/06/2015 16:10:52', 45, '', 'en cours'),
(738, 19, '10/06/2015 16:11:55', 45, '', 'en cours'),
(739, 2, '10/06/2015 16:13:41', 45, '', 'en cours'),
(740, 14, '10/06/2015 16:14:02', 45, '', 'en cours'),
(741, 12, '10/06/2015 16:14:25', 45, '', 'en cours'),
(742, 5, '10/06/2015 16:15:34', 45, '', 'en cours'),
(743, 17, '10/06/2015 16:15:48', 45, '', 'en cours'),
(744, 11, '10/06/2015 16:16:02', 45, '', 'en cours'),
(745, 11, '10/06/2015 16:17:24', 46, '', 'en cours'),
(746, 26, '10/06/2015 16:18:12', 45, '', 'en cours'),
(747, 28, '10/06/2015 16:18:26', 45, '', 'en cours'),
(748, 16, '10/06/2015 16:18:42', 46, '', 'en cours'),
(749, 19, '10/06/2015 16:20:13', 47, '', 'oui'),
(750, 12, '10/06/2015 16:20:36', 47, '', 'en cours'),
(751, 5, '10/06/2015 16:20:50', 47, '', 'en cours'),
(752, 16, '10/06/2015 16:21:03', 47, '', 'en cours'),
(753, 14, '10/06/2015 16:22:47', 47, '', 'en cours'),
(754, 28, '10/06/2015 16:24:10', 47, '', 'en cours'),
(755, 13, '10/06/2015 16:24:40', 47, '', 'en cours'),
(756, 21, '10/06/2015 16:26:14', 47, '', 'en cours'),
(757, 5, '10/06/2015 16:26:54', 46, '', 'en cours'),
(758, 2, '10/06/2015 16:27:03', 47, '', 'en cours'),
(759, 14, '10/06/2015 16:28:50', 43, '', 'en cours'),
(760, 26, '10/06/2015 16:29:13', 43, '', 'en cours'),
(761, 5, '10/06/2015 16:29:20', 43, '', 'en cours'),
(762, 21, '10/06/2015 16:29:48', 43, '', 'en cours'),
(763, 19, '10/06/2015 16:30:33', 43, '', 'en cours'),
(764, 28, '10/06/2015 16:30:57', 43, '', 'en cours'),
(765, 12, '10/06/2015 16:33:01', 43, '', 'en cours'),
(766, 18, '10/06/2015 16:33:21', 43, '', 'en cours'),
(767, 11, '10/06/2015 16:37:05', 43, '', 'en cours'),
(768, 17, '10/06/2015 16:39:03', 43, '', 'en cours'),
(769, 14, '10/06/2015 16:43:55', 48, '', 'en cours'),
(770, 16, '10/06/2015 16:46:55', 48, '', 'en cours'),
(771, 2, '10/06/2015 17:15:20', 50, '', 'en cours'),
(772, 5, '10/06/2015 17:15:59', 50, '', 'en cours'),
(773, 28, '10/06/2015 17:16:18', 50, '', 'en cours'),
(774, 13, '10/06/2015 17:16:53', 50, '', 'en cours'),
(775, 21, '10/06/2015 17:18:02', 50, '', 'en cours'),
(776, 17, '10/06/2015 17:18:07', 50, '', 'en cours'),
(777, 2, '10/06/2015 17:18:24', 48, '', 'en cours'),
(778, 19, '10/06/2015 17:18:49', 50, '', 'en cours'),
(779, 14, '10/06/2015 17:18:54', 50, '', 'en cours'),
(780, 17, '10/06/2015 17:18:56', 48, '', 'en cours'),
(781, 18, '10/06/2015 17:19:37', 50, '', 'en cours'),
(782, 28, '10/06/2015 17:20:14', 48, '', 'en cours'),
(783, 21, '10/06/2015 17:20:15', 51, '', 'en cours'),
(784, 18, '10/06/2015 17:20:21', 51, '', 'en cours'),
(785, 5, '10/06/2015 17:21:05', 48, '', 'en cours'),
(786, 11, '10/06/2015 17:21:14', 51, '', 'en cours'),
(787, 13, '10/06/2015 17:21:44', 48, '', 'en cours'),
(788, 12, '10/06/2015 17:22:23', 52, '', 'oui'),
(789, 14, '10/06/2015 17:22:39', 52, '', 'en cours'),
(790, 11, '10/06/2015 17:22:41', 52, '', 'en cours'),
(791, 14, '10/06/2015 17:23:13', 51, '', 'en cours'),
(792, 19, '10/06/2015 17:23:14', 52, '', 'en cours'),
(793, 28, '10/06/2015 17:23:34', 52, '', 'en cours'),
(794, 18, '10/06/2015 17:25:44', 48, '', 'en cours'),
(795, 19, '10/06/2015 17:26:06', 48, '', 'oui'),
(796, 12, '10/06/2015 17:26:18', 48, '', 'en cours'),
(797, 21, '10/06/2015 17:26:21', 48, '', 'en cours'),
(798, 26, '11/06/2015 10:47:18', 48, '', 'en cours'),
(799, 11, '11/06/2015 10:48:51', 48, '', 'en cours'),
(800, 18, '11/06/2015 11:03:06', 53, '', 'en cours'),
(801, 16, '11/06/2015 11:03:27', 53, '', 'oui'),
(802, 12, '11/06/2015 11:03:58', 53, '', 'non'),
(803, 21, '11/06/2015 11:13:59', 53, '', 'non'),
(804, 5, '11/06/2015 11:20:27', 53, '', 'en cours'),
(805, 28, '11/06/2015 11:20:30', 53, '', 'non'),
(806, 17, '11/06/2015 12:56:11', 53, '', 'en cours'),
(807, 26, '11/06/2015 12:57:10', 53, '', 'en cours'),
(808, 829, '15/06/2015 11:57:56', 24, '', 'en cours'),
(809, 472, '15/06/2015 12:02:53', 55, '', 'non'),
(810, 2, '15/06/2015 12:13:12', 55, '', 'en cours'),
(811, 13, '15/06/2015 12:21:08', 55, '', 'en cours'),
(812, 16, '15/06/2015 12:21:43', 55, '', 'non'),
(813, 26, '15/06/2015 12:30:38', 55, '', 'non'),
(814, 28, '15/06/2015 12:33:32', 55, '', 'non'),
(815, 5, '15/06/2015 12:38:20', 55, '', 'non'),
(816, 11, '15/06/2015 12:40:24', 55, '', 'non'),
(817, 17, '15/06/2015 12:41:32', 55, '', 'oui'),
(818, 12, '15/06/2015 12:43:32', 55, '', 'en cours'),
(819, 14, '15/06/2015 12:44:23', 55, '', 'en cours'),
(820, 829, '15/06/2015 12:45:17', 55, '', 'non'),
(821, 19, '15/06/2015 12:48:11', 55, '', 'en cours'),
(822, 21, '15/06/2015 12:50:05', 55, '', 'en cours'),
(823, 18, '15/06/2015 12:50:20', 55, '', 'non'),
(824, 17, '15/06/2015 12:53:40', 56, '', 'en cours'),
(825, 2, '15/06/2015 12:53:50', 56, '', 'en cours'),
(826, 18, '15/06/2015 12:54:33', 56, '', 'oui'),
(827, 26, '15/06/2015 12:54:45', 56, '', 'en cours'),
(828, 11, '15/06/2015 14:13:36', 56, '', 'oui'),
(829, 12, '15/06/2015 14:14:08', 56, '', 'oui'),
(830, 21, '15/06/2015 14:14:26', 56, '', 'oui'),
(831, 19, '15/06/2015 14:14:37', 56, '', 'en cours'),
(832, 472, '15/06/2015 14:14:46', 56, '', 'en cours'),
(833, 829, '15/06/2015 14:27:32', 56, '', 'non'),
(834, 13, '15/06/2015 14:28:51', 56, '', 'en cours'),
(835, 28, '15/06/2015 14:29:18', 56, '', 'en cours'),
(836, 14, '15/06/2015 14:29:25', 56, '', 'oui'),
(837, 5, '15/06/2015 14:29:41', 56, '', 'oui'),
(838, 16, '15/06/2015 14:29:53', 56, '', 'non'),
(839, 14, '15/06/2015 14:45:37', 59, '', 'oui'),
(840, 19, '16/06/2015 12:15:43', 59, '', 'non'),
(841, 17, '16/06/2015 12:17:58', 59, '', 'non'),
(842, 5, '16/06/2015 12:40:28', 59, '', 'oui'),
(843, 16, '16/06/2015 19:38:47', 59, '', 'oui'),
(844, 21, '16/06/2015 19:42:07', 59, '', 'non'),
(845, 832, '16/06/2015 20:12:23', 59, '', 'en cours'),
(846, 28, '16/06/2015 20:12:32', 59, '', 'non'),
(847, 18, '17/06/2015 11:59:57', 59, '', 'oui'),
(848, 832, '17/06/2015 12:01:17', 24, '', 'en cours'),
(849, 28, '17/06/2015 12:34:33', 62, '', 'oui'),
(850, 12, '17/06/2015 12:34:56', 62, '', 'oui'),
(851, 861, '17/06/2015 15:38:36', 59, '', 'oui'),
(852, 2, '18/06/2015 11:06:24', 59, '', 'oui'),
(853, 26, '18/06/2015 11:08:29', 59, '', 'oui'),
(854, 472, '18/06/2015 11:08:40', 59, '', 'en cours'),
(855, 12, '18/06/2015 11:10:04', 59, '', 'en cours'),
(856, 13, '18/06/2015 11:11:02', 59, '', 'en cours'),
(857, 11, '18/06/2015 11:11:18', 59, '', 'en cours'),
(858, 14, '18/06/2015 11:15:04', 62, '', 'en cours'),
(859, 5, '18/06/2015 11:16:35', 62, '', 'en cours'),
(860, 13, '18/06/2015 11:17:10', 62, '', 'en cours'),
(861, 18, '18/06/2015 11:17:21', 62, '', 'en cours'),
(862, 26, '18/06/2015 11:17:28', 62, '', 'en cours'),
(863, 472, '18/06/2015 11:17:30', 62, '', 'en cours'),
(864, 17, '18/06/2015 11:17:32', 62, '', 'en cours'),
(865, 11, '18/06/2015 11:17:34', 62, '', 'en cours'),
(866, 21, '18/06/2015 11:17:36', 62, '', 'en cours'),
(867, 19, '18/06/2015 11:17:38', 62, '', 'en cours'),
(868, 861, '18/06/2015 11:17:40', 62, '', 'en cours'),
(869, 16, '18/06/2015 11:17:42', 62, '', 'en cours'),
(870, 2, '18/06/2015 11:17:44', 62, '', 'en cours'),
(871, 9, '18/06/2015 12:22:56', 59, '', 'oui'),
(872, 9, '18/06/2015 15:32:51', 39, '', 'en cours'),
(873, 861, '22/06/2015 10:44:18', 39, '', 'en cours'),
(874, 472, '22/06/2015 10:45:17', 39, '', 'non'),
(875, 26, '22/06/2015 10:50:09', 67, '', 'oui'),
(876, 861, '22/06/2015 10:52:22', 67, '', 'non'),
(877, 2, '22/06/2015 10:55:52', 67, '', 'oui'),
(878, 28, '22/06/2015 10:59:50', 67, '', 'oui'),
(879, 11, '22/06/2015 11:04:50', 67, '', 'oui'),
(880, 472, '22/06/2015 11:12:25', 67, '', 'non'),
(881, 12, '22/06/2015 11:15:42', 67, '', 'oui'),
(882, 13, '22/06/2015 11:22:45', 67, '', 'oui'),
(883, 18, '22/06/2015 12:17:23', 67, '', 'oui'),
(884, 16, '22/06/2015 12:30:16', 67, '', 'oui'),
(885, 14, '22/06/2015 13:11:36', 67, '', 'en cours'),
(886, 19, '22/06/2015 13:12:25', 67, '', 'oui'),
(887, 17, '22/06/2015 13:14:37', 67, '', 'oui'),
(888, 21, '22/06/2015 13:14:55', 67, '', 'en cours'),
(889, 5, '22/06/2015 13:15:15', 67, '', 'oui'),
(890, 16, '22/06/2015 13:28:48', 71, '', 'oui'),
(891, 13, '22/06/2015 13:49:18', 71, '', 'oui'),
(892, 17, '23/06/2015 10:26:00', 71, '', 'oui'),
(893, 21, '23/06/2015 10:56:03', 71, '', 'oui'),
(894, 12, '23/06/2015 10:56:42', 71, '', 'oui'),
(895, 9, '23/06/2015 11:42:18', 74, '', 'en cours'),
(896, 861, '23/06/2015 11:45:40', 68, '', 'en cours'),
(897, 9, '23/06/2015 11:46:01', 68, '', 'oui'),
(898, 2, '23/06/2015 11:49:49', 71, '', 'oui'),
(899, 26, '23/06/2015 11:50:08', 71, '', 'oui'),
(900, 861, '23/06/2015 11:50:36', 71, '', 'non'),
(901, 19, '23/06/2015 11:51:49', 71, '', 'oui'),
(902, 14, '23/06/2015 11:52:18', 71, '', 'non'),
(903, 5, '23/06/2015 12:02:38', 71, '', 'non'),
(904, 28, '23/06/2015 12:06:12', 71, '', 'non'),
(905, 472, '23/06/2015 12:07:56', 71, '', 'oui'),
(906, 18, '23/06/2015 12:09:42', 71, '', 'non'),
(907, 11, '23/06/2015 12:11:46', 71, '', 'oui'),
(908, 12, '23/06/2015 12:13:05', 76, '', 'oui'),
(909, 19, '23/06/2015 12:13:47', 76, '', 'oui'),
(910, 5, '23/06/2015 12:14:20', 76, '', 'non'),
(911, 849, '23/06/2015 15:57:37', 24, '', 'en cours'),
(912, 28, '23/06/2015 15:59:28', 78, '', 'oui'),
(913, 17, '23/06/2015 15:59:41', 78, '', 'oui'),
(914, 19, '23/06/2015 16:05:23', 78, '', 'oui'),
(915, 14, '23/06/2015 16:05:36', 78, '', 'oui'),
(916, 18, '23/06/2015 16:05:46', 78, '', 'oui'),
(917, 26, '23/06/2015 16:05:56', 78, '', 'oui'),
(918, 11, '23/06/2015 16:06:03', 78, '', 'oui'),
(919, 472, '23/06/2015 16:06:10', 78, '', 'oui'),
(920, 861, '23/06/2015 16:06:47', 78, '', 'non'),
(921, 2, '23/06/2015 16:08:43', 78, '', 'non'),
(922, 16, '23/06/2015 16:09:45', 78, '', 'oui'),
(923, 13, '23/06/2015 16:09:58', 78, '', 'oui'),
(924, 12, '23/06/2015 16:10:15', 78, '', 'oui'),
(925, 21, '23/06/2015 16:10:22', 78, '', 'oui'),
(926, 5, '23/06/2015 16:10:29', 78, '', 'oui'),
(927, 849, '23/06/2015 16:10:38', 78, '', 'non'),
(928, 19, '23/06/2015 16:12:08', 53, '', 'oui'),
(929, 861, '23/06/2015 16:12:22', 53, '', 'oui'),
(930, 11, '23/06/2015 16:12:41', 53, '', 'oui'),
(931, 13, '23/06/2015 16:12:49', 53, '', 'oui'),
(932, 2, '23/06/2015 16:13:02', 53, '', 'oui'),
(933, 472, '23/06/2015 16:13:12', 53, '', 'oui'),
(934, 14, '23/06/2015 16:13:28', 53, '', 'oui'),
(935, 849, '23/06/2015 16:13:38', 53, '', 'oui'),
(936, 28, '23/06/2015 16:25:05', 79, '', 'en cours'),
(937, 21, '23/06/2015 16:25:25', 79, '', 'en cours'),
(938, 5, '24/06/2015 11:37:16', 83, '', 'en cours'),
(939, 18, '24/06/2015 11:43:44', 83, '', 'en cours'),
(940, 21, '24/06/2015 11:43:55', 83, '', 'en cours'),
(941, 13, '24/06/2015 11:51:00', 83, '', 'non'),
(942, 9, '24/06/2015 12:34:30', 83, '', 'oui'),
(943, 9, '24/06/2015 13:55:01', 24, '', 'en cours'),
(944, 9, '24/06/2015 14:25:24', 84, '', 'oui'),
(945, 28, '24/06/2015 16:22:53', 84, '', 'oui'),
(946, 11, '24/06/2015 16:23:11', 84, '', 'oui'),
(947, 472, '24/06/2015 16:23:18', 84, '', 'en cours'),
(948, 9, '24/06/2015 16:27:20', 86, '', 'oui'),
(949, 21, '24/06/2015 16:27:46', 86, '', 'oui'),
(950, 18, '24/06/2015 16:28:37', 86, '', 'oui'),
(951, 17, '24/06/2015 16:28:49', 86, '', 'oui'),
(952, 11, '24/06/2015 16:29:49', 86, '', 'en cours'),
(953, 9, '27/06/2015 10:35:54', 88, '', 'oui'),
(954, 849, '27/06/2015 10:44:06', 88, '', 'oui'),
(955, 21, '27/06/2015 10:45:19', 88, '', 'en cours'),
(956, 14, '27/06/2015 10:45:25', 88, '', 'en cours'),
(957, 26, '27/06/2015 10:45:31', 88, '', 'oui'),
(958, 18, '27/06/2015 11:01:30', 88, '', 'oui'),
(959, 16, '27/06/2015 11:01:41', 88, '', 'oui'),
(960, 849, '27/06/2015 11:02:06', 39, '', 'en cours'),
(961, 2, '29/06/2015 14:45:54', 88, '', 'oui'),
(962, 11, '29/06/2015 14:46:36', 88, '', 'oui'),
(963, 2, '29/06/2015 16:06:31', 74, '', 'en cours'),
(964, 26, '29/06/2015 16:07:17', 89, '', 'oui'),
(965, 9, '29/06/2015 16:07:37', 89, '', 'oui'),
(966, 9, '30/06/2015 17:28:02', 61, '', 'en cours'),
(967, 13, '02/07/2015 12:34:04', 98, '', 'oui'),
(968, 21, '02/07/2015 14:41:15', 98, '', 'oui'),
(969, 16, '02/07/2015 14:46:13', 98, '', 'oui'),
(970, 472, '02/07/2015 14:52:38', 98, '', 'en cours'),
(971, 14, '02/07/2015 14:53:07', 98, '', 'oui'),
(972, 849, '02/07/2015 14:53:27', 98, '', 'oui'),
(973, 19, '02/07/2015 14:59:37', 98, '', 'oui'),
(974, 17, '02/07/2015 15:00:00', 98, '', 'oui'),
(975, 5, '02/07/2015 16:06:07', 98, '', 'oui'),
(976, 2, '02/07/2015 16:06:40', 98, '', 'oui'),
(977, 9, '05/07/2015 19:16:27', 99, '', 'oui'),
(978, 21, '05/07/2015 19:21:51', 99, '', 'non'),
(979, 17, '05/07/2015 19:24:01', 99, '', 'oui'),
(981, 28, '05/07/2015 19:27:55', 99, '', 'oui'),
(983, 19, '05/07/2015 19:30:06', 99, '', 'oui'),
(984, 5, '05/07/2015 19:32:15', 99, '', 'non'),
(985, 13, '05/07/2015 19:33:56', 99, '', 'non'),
(987, 472, '05/07/2015 19:36:18', 99, '', 'non'),
(989, 26, '05/07/2015 19:42:50', 99, '', 'oui'),
(990, 14, '05/07/2015 19:44:24', 99, '', 'oui'),
(991, 849, '05/07/2015 19:45:40', 99, '', 'oui'),
(994, 861, '05/07/2015 20:09:42', 99, '', 'oui'),
(995, 11, '05/07/2015 20:11:25', 99, '', 'en cours'),
(996, 18, '05/07/2015 20:13:24', 99, '', 'oui'),
(997, 16, '05/07/2015 20:14:32', 99, '', 'oui'),
(998, 2, '05/07/2015 20:15:42', 99, '', 'oui'),
(999, 290, '07/07/2015 11:51:03', 98, '', 'en cours'),
(1000, 11, '07/07/2015 11:51:37', 98, '', 'oui'),
(1001, 26, '07/07/2015 11:51:54', 98, '', 'oui'),
(1002, 861, '07/07/2015 11:52:08', 98, '', 'en cours'),
(1003, 28, '07/07/2015 11:52:20', 98, '', 'oui'),
(1004, 18, '07/07/2015 12:04:11', 98, '', 'oui'),
(1005, 12, '07/07/2015 12:04:24', 98, '', 'oui'),
(1006, 883, '07/07/2015 12:14:03', 98, '', 'en cours'),
(1007, 849, '07/07/2015 12:20:58', 102, '', 'oui'),
(1008, 11, '07/07/2015 12:22:08', 102, '', 'oui'),
(1009, 13, '07/07/2015 12:22:24', 102, '', 'oui'),
(1010, 2, '07/07/2015 12:23:01', 102, '', 'oui'),
(1011, 883, '07/07/2015 14:19:08', 99, '', 'en cours'),
(1012, 290, '07/07/2015 14:20:35', 99, '', 'non'),
(1013, 12, '07/07/2015 14:21:58', 99, '', 'oui'),
(1014, 11, '07/07/2015 14:28:29', 103, '', 'oui'),
(1015, 861, '07/07/2015 14:29:31', 103, '', 'non'),
(1016, 2, '07/07/2015 14:30:45', 103, '', 'non'),
(1017, 18, '07/07/2015 15:00:40', 110, '', 'oui'),
(1018, 290, '07/07/2015 15:02:34', 110, '', 'non'),
(1019, 11, '07/07/2015 15:03:25', 110, '', 'oui'),
(1020, 472, '07/07/2015 15:03:37', 110, '', 'oui'),
(1021, 28, '07/07/2015 15:07:31', 110, '', 'oui'),
(1022, 13, '07/07/2015 15:08:49', 110, '', 'oui'),
(1023, 849, '07/07/2015 15:09:34', 110, '', 'oui'),
(1024, 19, '07/07/2015 15:10:13', 110, '', 'oui'),
(1025, 26, '07/07/2015 15:10:57', 110, '', 'oui'),
(1026, 2, '07/07/2015 15:12:03', 110, '', 'oui'),
(1027, 5, '07/07/2015 15:13:05', 110, '', 'oui'),
(1028, 9, '07/07/2015 15:13:57', 110, '', 'oui'),
(1029, 17, '07/07/2015 15:16:26', 111, '', 'oui'),
(1030, 21, '07/07/2015 15:16:49', 111, '', 'oui'),
(1031, 16, '07/07/2015 15:38:57', 111, '', 'oui'),
(1040, 9, '07/07/2015 16:36:09', 111, '', 'oui'),
(1041, 14, '07/07/2015 23:48:09', 113, '', 'oui'),
(1042, 28, '07/07/2015 23:49:33', 113, '', 'oui'),
(1043, 18, '08/07/2015 11:36:33', 114, '', 'oui'),
(1044, 849, '08/07/2015 11:40:53', 114, '', 'oui'),
(1045, 13, '08/07/2015 12:19:02', 114, '', 'oui'),
(1070, 911, '08/07/2015 16:30:24', 116, '', 'oui'),
(1072, 915, '08/07/2015 16:32:54', 116, '', 'non'),
(1073, 883, '08/07/2015 16:42:43', 116, '', 'en cours'),
(1074, 14, '08/07/2015 16:42:56', 116, '', 'oui'),
(1075, 877, '08/07/2015 16:43:31', 116, '', 'en cours'),
(1076, 13, '08/07/2015 16:43:37', 116, '', 'oui'),
(1077, 28, '08/07/2015 16:44:02', 116, '', 'oui'),
(1078, 19, '08/07/2015 16:44:25', 116, '', 'oui'),
(1079, 896, '08/07/2015 16:53:12', 118, '', 'non'),
(1080, 28, '08/07/2015 16:54:00', 118, '', 'oui'),
(1081, 9, '08/07/2015 16:55:09', 118, '', 'oui'),
(1082, 912, '08/07/2015 16:55:47', 118, '', 'oui'),
(1083, 911, '08/07/2015 16:56:26', 118, '', 'oui'),
(1084, 915, '08/07/2015 16:58:16', 119, '', 'oui'),
(1085, 911, '08/07/2015 17:00:00', 119, '', 'oui'),
(1086, 912, '08/07/2015 17:02:33', 119, '', 'en cours'),
(1087, 896, '08/07/2015 17:19:27', 119, '', 'en cours'),
(1088, 9, '08/07/2015 17:19:42', 119, '', 'oui'),
(1089, 2, '09/07/2015 11:21:19', 116, '', 'oui'),
(1090, 472, '09/07/2015 11:22:11', 116, '', 'en cours'),
(1091, 26, '09/07/2015 16:07:14', 121, '', 'oui'),
(1092, 14, '09/07/2015 16:20:29', 121, '', 'oui'),
(1093, 9, '09/07/2015 16:21:42', 121, '', 'oui'),
(1094, 848, '09/07/2015 16:37:31', 98, '', 'en cours'),
(1095, 877, '09/07/2015 16:37:50', 98, '', 'en cours'),
(1096, 861, '09/07/2015 16:38:08', 102, '', 'oui'),
(1097, 14, '09/07/2015 16:39:28', 122, '', 'oui'),
(1098, 916, '09/07/2015 16:42:14', 98, '', 'oui'),
(1099, 916, '09/07/2015 16:43:01', 102, '', 'oui'),
(1100, 290, '09/07/2015 22:46:16', 113, '', 'non'),
(1101, 11, '09/07/2015 22:47:26', 113, '', 'en cours'),
(1102, 18, '09/07/2015 22:48:23', 113, '', 'oui'),
(1103, 849, '09/07/2015 22:50:34', 113, '', 'oui'),
(1104, 877, '09/07/2015 22:52:08', 113, '', 'non'),
(1105, 916, '09/07/2015 22:53:10', 113, '', 'non'),
(1106, 5, '09/07/2015 22:54:18', 113, '', 'non'),
(1107, 21, '09/07/2015 22:55:19', 113, '', 'oui'),
(1108, 472, '09/07/2015 22:59:01', 113, '', 'en cours'),
(1109, 2, '09/07/2015 23:02:45', 113, '', 'en cours'),
(1110, 13, '09/07/2015 23:08:17', 113, '', 'en cours'),
(1111, 896, '09/07/2015 23:11:10', 113, '', 'non'),
(1112, 16, '09/07/2015 23:12:22', 113, '', 'en cours'),
(1113, 861, '09/07/2015 23:12:37', 113, '', 'en cours'),
(1114, 12, '09/07/2015 23:14:53', 113, '', 'oui'),
(1115, 17, '09/07/2015 23:16:51', 113, '', 'oui'),
(1116, 848, '09/07/2015 23:24:43', 113, '', 'en cours'),
(1117, 19, '09/07/2015 23:25:09', 113, '', 'oui'),
(1119, 883, '09/07/2015 23:26:45', 113, '', 'en cours'),
(1120, 26, '09/07/2015 23:27:23', 113, '', 'oui'),
(1121, 2, '09/07/2015 23:56:47', 122, '', 'en cours'),
(1122, 921, '09/07/2015 23:57:51', 122, '', 'oui'),
(1123, 922, '10/07/2015 00:20:46', 122, '', 'oui'),
(1128, 924, '10/07/2015 01:16:00', 122, '', 'oui'),
(1129, 925, '10/07/2015 01:38:00', 120, '', 'oui'),
(1130, 924, '10/07/2015 11:42:51', 121, '', 'oui'),
(1131, 911, '10/07/2015 11:54:45', 121, '', 'oui'),
(1132, 915, '10/07/2015 11:57:58', 121, '', 'oui'),
(1133, 912, '10/07/2015 11:58:45', 121, '', 'oui'),
(1134, 899, '10/07/2015 12:04:15', 121, '', 'en cours'),
(1135, 13, '10/07/2015 12:04:42', 121, '', 'oui'),
(1136, 851, '10/07/2015 12:05:08', 98, '', 'en cours'),
(1137, 869, '10/07/2015 12:05:10', 98, '', 'en cours'),
(1138, 290, '10/07/2015 12:06:13', 121, '', 'en cours'),
(1139, 851, '10/07/2015 12:06:29', 121, '', 'en cours'),
(1140, 19, '10/07/2015 12:06:55', 121, '', 'oui'),
(1141, 11, '10/07/2015 12:12:43', 121, '', 'oui'),
(1142, 5, '10/07/2015 12:13:31', 121, '', 'oui'),
(1143, 12, '10/07/2015 12:15:09', 123, '', 'oui'),
(1144, 2, '10/07/2015 12:15:48', 123, '', 'oui'),
(1145, 877, '10/07/2015 12:16:08', 123, '', 'en cours'),
(1146, 26, '10/07/2015 12:16:13', 123, '', 'oui'),
(1147, 16, '10/07/2015 12:16:38', 123, '', 'oui'),
(1148, 896, '10/07/2015 12:16:51', 123, '', 'en cours'),
(1149, 851, '10/07/2015 12:17:11', 123, '', 'oui'),
(1150, 21, '10/07/2015 12:17:30', 123, '', 'oui'),
(1151, 28, '10/07/2015 12:17:46', 123, '', 'oui'),
(1152, 5, '10/07/2015 12:23:58', 123, '', 'oui'),
(1153, 26, '10/07/2015 12:24:38', 124, '', 'oui'),
(1154, 869, '10/07/2015 12:29:27', 121, '', 'en cours'),
(1155, 926, '10/07/2015 12:29:37', 121, '', 'oui'),
(1156, 883, '10/07/2015 15:31:05', 124, '', 'en cours'),
(1157, 11, '10/07/2015 15:31:08', 124, '', 'en cours'),
(1158, 851, '10/07/2015 15:31:14', 124, '', 'en cours'),
(1159, 290, '10/07/2015 15:31:29', 124, '', 'en cours'),
(1160, 9, '10/07/2015 15:32:35', 124, '', 'oui'),
(1161, 883, '10/07/2015 15:35:25', 103, '', 'en cours'),
(1162, 896, '10/07/2015 15:48:13', 126, '', 'en cours'),
(1163, 875, '10/07/2015 15:48:24', 98, '', 'en cours'),
(1164, 926, '10/07/2015 15:48:29', 98, '', 'oui'),
(1165, 5, '10/07/2015 15:49:50', 127, '', 'en cours'),
(1171, 929, '11/07/2015 00:15:05', 121, '', 'non'),
(1172, 9, '13/07/2015 16:49:57', 102, '', 'oui');

-- --------------------------------------------------------

--
-- Structure de la table `sanctionCarte`
--

CREATE TABLE IF NOT EXISTS `sanctionCarte` (
  `idDevin` int(11) NOT NULL,
  `enregistrementID` int(11) NOT NULL
) ENGINE=InnoDB DEFAULT CHARSET=latin1;

--
-- Contenu de la table `sanctionCarte`
--

INSERT INTO `sanctionCarte` (`idDevin`, `enregistrementID`) VALUES
(17, 13),
(17, 12),
(17, 5),
(17, 15),
(17, 17),
(17, 21),
(17, 14),
(17, 26),
(17, 30),
(17, 39),
(18, 29),
(18, 19),
(18, 39),
(18, 16),
(18, 32),
(18, 38),
(18, 18),
(18, 24),
(18, 12),
(18, 21),
(18, 28),
(19, 28),
(19, 16),
(19, 21),
(19, 5),
(18, 2),
(18, 30),
(19, 12),
(19, 29),
(19, 26),
(19, 24),
(20, 5),
(20, 26),
(20, 17),
(20, 16),
(20, 21),
(20, 14),
(20, 24),
(20, 2),
(20, 30),
(20, 15),
(20, 19),
(20, 23),
(21, 13),
(21, 18),
(21, 32),
(21, 23),
(21, 2),
(21, 11),
(21, 5),
(21, 38),
(21, 14),
(21, 12),
(21, 15),
(21, 28),
(21, 29),
(21, 17),
(21, 19),
(21, 24),
(21, 30),
(22, 12),
(22, 32),
(22, 38),
(22, 39),
(22, 23),
(23, 12),
(23, 30),
(23, 14),
(23, 29),
(23, 16),
(23, 26),
(23, 32),
(22, 19),
(22, 14),
(22, 18),
(22, 28),
(23, 19),
(23, 2),
(23, 17),
(23, 11),
(23, 21),
(23, 18),
(23, 23),
(23, 13),
(23, 28),
(24, 28),
(24, 14),
(24, 18),
(24, 32),
(24, 12),
(24, 29),
(24, 24),
(24, 39),
(24, 26),
(24, 38),
(24, 16),
(24, 23),
(24, 13),
(25, 39),
(25, 23),
(25, 29),
(25, 2),
(25, 21),
(25, 11),
(25, 24),
(25, 16),
(25, 19),
(25, 5),
(25, 14),
(25, 12),
(25, 17),
(26, 32),
(26, 12),
(26, 16),
(26, 11),
(26, 18),
(24, 59),
(24, 31),
(25, 64),
(25, 221),
(25, 70),
(25, 31),
(25, 50),
(25, 59),
(25, 189),
(26, 31),
(26, 221),
(30, 17),
(30, 221),
(30, 59),
(30, 18),
(30, 14),
(25, 184),
(25, 51),
(30, 38),
(30, 11),
(24, 226),
(24, 225),
(30, 26),
(30, 23),
(32, 15),
(33, 5),
(32, 184),
(32, 189),
(32, 19),
(32, 11),
(32, 2),
(34, 184),
(39, 32),
(40, 19),
(41, 16),
(39, 39),
(39, 17),
(39, 2),
(39, 14),
(39, 12),
(39, 26),
(39, 16),
(39, 11),
(41, 12),
(41, 28),
(41, 26),
(39, 28),
(39, 5),
(42, 26),
(42, 5),
(42, 16),
(42, 18),
(42, 17),
(42, 11),
(42, 14),
(42, 13),
(42, 28),
(42, 21),
(39, 13),
(39, 18),
(39, 19),
(39, 21),
(43, 13),
(43, 2),
(44, 5),
(44, 14),
(44, 16),
(44, 19),
(44, 12),
(44, 2),
(44, 18),
(44, 17),
(44, 26),
(44, 28),
(44, 21),
(44, 11),
(44, 13),
(45, 18),
(45, 16),
(45, 21),
(45, 13),
(45, 19),
(45, 2),
(45, 14),
(45, 12),
(45, 5),
(45, 17),
(9, 16),
(45, 11),
(45, 26),
(46, 11),
(45, 28),
(47, 12),
(47, 5),
(47, 16),
(47, 14),
(47, 28),
(47, 13),
(46, 16),
(47, 21),
(43, 16),
(43, 14),
(43, 26),
(43, 5),
(43, 21),
(43, 19),
(43, 28),
(43, 12),
(43, 18),
(43, 11),
(43, 17),
(48, 14),
(50, 2),
(50, 5),
(50, 28),
(50, 13),
(50, 21),
(48, 16),
(50, 17),
(50, 19),
(48, 2),
(50, 14),
(48, 17),
(51, 21),
(48, 28),
(51, 18),
(48, 5),
(52, 14),
(51, 11),
(52, 11),
(52, 19),
(48, 13),
(48, 18),
(48, 12),
(48, 21),
(48, 26),
(48, 11),
(53, 18),
(53, 5),
(53, 17),
(55, 2),
(55, 13),
(55, 12),
(55, 14),
(55, 19),
(55, 21),
(56, 17),
(56, 2),
(56, 26),
(56, 19),
(56, 472),
(56, 13),
(56, 28),
(59, 832),
(59, 472),
(59, 12),
(59, 13),
(59, 11),
(62, 14),
(62, 5),
(62, 13),
(62, 18),
(62, 26),
(62, 472),
(62, 17),
(62, 11),
(62, 21),
(62, 19),
(62, 861),
(62, 16),
(62, 2),
(39, 9),
(39, 861),
(67, 14),
(67, 21),
(74, 9),
(68, 861),
(53, 26),
(79, 28),
(83, 5),
(83, 18),
(83, 21),
(84, 472),
(88, 21),
(88, 14),
(39, 849),
(61, 9),
(98, 472),
(99, 18),
(99, 11),
(99, 16),
(99, 861),
(99, 12),
(99, 2),
(98, 290),
(98, 861),
(98, 883),
(99, 883),
(116, 883),
(116, 877),
(119, 912),
(119, 896),
(98, 848),
(98, 877),
(113, 11),
(113, 472),
(113, 2),
(113, 13),
(113, 16),
(113, 861),
(113, 848),
(113, 883),
(122, 2),
(122, 924),
(121, 899),
(98, 851),
(98, 869),
(121, 290),
(121, 851),
(123, 877),
(123, 896),
(121, 869),
(124, 883),
(124, 11),
(124, 851),
(124, 290),
(98, 875);

-- --------------------------------------------------------

--
-- Structure de la table `score`
--

CREATE TABLE IF NOT EXISTS `score` (
  `scoreID` int(11) NOT NULL AUTO_INCREMENT,
  `userid` int(100) NOT NULL,
  `scoreGlobal` int(100) NOT NULL,
  `scoreOracle` int(100) NOT NULL,
  `scoreDruide` int(100) NOT NULL,
  `scoreDevin` int(100) NOT NULL,
  `langue` varchar(20) CHARACTER SET utf8 COLLATE utf8_unicode_ci NOT NULL,
  `first_game_time` text NOT NULL,
  PRIMARY KEY (`scoreID`)
) ENGINE=InnoDB  DEFAULT CHARSET=latin1 AUTO_INCREMENT=238 ;

--
-- Contenu de la table `score`
--

INSERT INTO `score` (`scoreID`, `userid`, `scoreGlobal`, `scoreOracle`, `scoreDruide`, `scoreDevin`, `langue`, `first_game_time`) VALUES
(1, 1, 120, 15, 85, 20, '', ''),
(2, 2, 395, 225, 80, 90, '', ''),
(3, 3, 0, 0, 0, 0, '', ''),
(4, 4, 45, 5, 40, 0, '', ''),
(5, 5, 20, 20, 0, 0, '', ''),
(6, 6, 110, 0, 110, 0, '', ''),
(7, 7, 80, 0, 30, 50, '', ''),
(8, 8, 40, 20, 10, 10, '', ''),
(9, 9, 1285, 0, 820, 455, '', ''),
(10, 10, 590, 0, 500, 90, '', ''),
(11, 11, 610, 85, 485, 40, '', ''),
(12, 12, 80, 0, 80, 0, '', ''),
(13, 13, 1000, 0, 40, 960, '', ''),
(14, 14, 595, 5, 190, 400, '', ''),
(15, 15, 130, 0, 30, 100, '', ''),
(16, 16, 180, 0, 0, 180, '', ''),
(17, 17, 60, 0, 0, 10, '', ''),
(18, 18, 80, 10, 0, 0, '', ''),
(19, 19, 45, 0, 0, 10, '', ''),
(20, 20, 0, 0, 0, 0, '', ''),
(21, 21, 5, 0, 0, 5, '', ''),
(22, 22, 0, 0, 0, 0, '', ''),
(23, 23, 0, 0, 0, 0, '', ''),
(24, 24, 515, 90, 2025, 0, '', ''),
(25, 25, 210, 0, 200, 10, '', ''),
(26, 26, 75, -225, 300, 0, '', ''),
(27, 27, 0, 0, 0, 0, '', ''),
(28, 28, 0, 0, 0, 0, '', ''),
(29, 29, 0, 0, 0, 0, '', ''),
(30, 30, 35, 10, 25, 0, '', ''),
(31, 31, 0, 0, 0, 0, '', ''),
(32, 32, -15, -110, 95, 0, '', ''),
(33, 33, 0, 0, 0, 0, '', ''),
(34, 34, 30, 0, 0, 30, '', ''),
(35, 35, 0, 0, 0, 0, '', ''),
(36, 36, 0, 0, 0, 0, '', ''),
(37, 37, 0, 0, 0, 0, '', ''),
(38, 38, 30, 0, 10, 20, '', ''),
(39, 39, 100, 30, 70, 0, '', ''),
(40, 40, 30, 0, 10, 20, '', ''),
(41, 41, 40, 0, 10, 50, '', ''),
(42, 42, 30, 0, 0, 30, '', ''),
(43, 43, 0, 0, 0, 0, '', ''),
(44, 44, 20, 20, 0, 0, '', ''),
(45, 45, 0, 0, 0, 0, '', ''),
(46, 46, 0, 0, 0, 0, '', ''),
(47, 47, 0, 0, 0, 0, '', ''),
(48, 48, 0, 0, 0, 0, '', ''),
(49, 49, 0, 0, 0, 0, '', ''),
(50, 50, 0, 0, 0, 0, '', ''),
(51, 51, 0, 0, 0, 0, '', ''),
(52, 52, 0, 0, 0, 0, '', ''),
(53, 53, 80, 0, 0, 80, '', ''),
(54, 54, 20, 20, 0, 0, '', ''),
(55, 55, 10, 10, 0, 0, '', ''),
(56, 56, 35, 0, 0, 35, '', ''),
(57, 59, 315, 15, 175, 125, '', ''),
(58, 60, 0, 0, 0, 0, '', ''),
(59, 61, 120, 0, 120, 0, '', ''),
(60, 62, 0, 0, 0, 0, '', ''),
(61, 63, 0, 0, 0, 0, '', ''),
(62, 64, 0, 0, 0, 0, '', ''),
(63, 65, 0, 0, 0, 0, '', ''),
(64, 66, 0, 0, 0, 0, '', ''),
(65, 67, 680, 0, 0, 680, '', ''),
(66, 68, 10, 0, 0, 10, '', ''),
(67, 69, 0, 0, 0, 0, '', ''),
(68, 70, 0, 0, 0, 0, '', ''),
(69, 71, 620, 0, 20, 600, '', ''),
(70, 72, 0, 0, 0, 0, '', ''),
(71, 73, 0, 0, 0, 0, '', ''),
(72, 74, 30, 0, 30, 0, '', ''),
(73, 75, 0, 0, 0, 0, '', ''),
(74, 76, 100, 0, 80, 20, '', ''),
(75, 77, 0, 0, 0, 0, '', ''),
(76, 78, 130, 0, 0, 130, '', ''),
(77, 79, 0, 0, 0, 0, '', ''),
(78, 80, 0, 0, 0, 0, '', ''),
(79, 81, 0, 0, 0, 0, '', ''),
(80, 82, 0, 0, 0, 0, '', ''),
(81, 83, 10, 0, 0, 10, '', ''),
(82, 84, 165, 0, 140, 25, '', ''),
(83, 85, 0, 0, 0, 0, '', ''),
(84, 86, 40, 0, 0, 40, '', ''),
(85, 87, 0, 0, 0, 0, '', ''),
(86, 88, 60, 0, 0, 60, '', ''),
(87, 89, 20, 0, 0, 20, '', ''),
(88, 90, 0, 0, 0, 0, '', ''),
(89, 91, 0, 0, 0, 0, '', ''),
(90, 92, 0, 0, 0, 0, '', ''),
(91, 93, 0, 0, 0, 0, '', ''),
(92, 94, 0, 0, 0, 0, '', ''),
(93, 95, 0, 0, 0, 0, '', ''),
(94, 96, 0, 0, 0, 0, '', ''),
(95, 97, 0, 0, 0, 0, '', ''),
(96, 98, 155, 40, 140, 5, '', ''),
(97, 99, 105, 0, 50, 105, '', ''),
(98, 100, 0, 0, 0, 0, '', ''),
(99, 101, 0, 0, 0, 0, '', ''),
(103, 102, 50, 0, 0, 50, '', ''),
(105, 103, 0, 0, 0, 0, '', ''),
(107, 104, 10, 0, 10, 0, '', ''),
(108, 110, 30, 0, 10, 20, 'Français', ''),
(109, 110, 10, 0, 10, 0, 'Anglais', ''),
(110, 110, 10, 0, 10, 0, 'Italien', ''),
(111, 111, 150, 0, 30, 120, 'Français', ''),
(112, 111, 308, 0, 140, 48, 'Anglais', ''),
(113, 112, 0, 0, 0, 0, 'Français', ''),
(114, 112, 0, 0, 0, 0, 'Espagnol', ''),
(115, 112, 0, 0, 0, 0, 'Anglais', ''),
(116, 112, 0, 0, 0, 0, 'Italien', ''),
(117, 113, 185, 0, 60, 125, 'Français', ''),
(118, 113, 0, 0, 0, 0, 'Anglais', ''),
(119, 113, 0, 0, 0, 0, 'Espagnol', ''),
(120, 114, 60, 0, 50, 10, 'Français', ''),
(121, 114, 10, 0, 10, 0, 'Anglais', ''),
(122, 114, 625, 275, 60, 390, 'Allemand', '2015-07-08 14:22:39'),
(123, 114, 0, 0, 0, 0, 'Espagnol', ''),
(124, 103, 570, 570, 0, 0, 'Allemand', '10/07/2015 11:54:56'),
(125, 115, 10, 0, 10, 0, 'Français', ''),
(126, 115, 0, 0, 0, 0, 'Anglais', ''),
(127, 115, 20, 0, 20, 0, 'Allemand', ''),
(128, 98, 185, 0, 40, 5, 'Allemand', '2015-07-08 14:19:16'),
(129, 98, 380, 30, 170, 30, 'Français', '2015-07-09 16:42:20'),
(130, 116, 240, 0, 10, 230, 'Allemand', '2015-07-08 15:18:17'),
(131, 116, 255, 0, 0, 245, 'Français', '2015-07-08 16:43:09'),
(132, 116, 240, 0, 0, 230, 'Espéranto', ''),
(133, 116, 240, 0, 0, 230, 'Danois', ''),
(134, 116, 255, 0, 0, 245, 'Bulgare', '2015-07-09 11:21:32'),
(137, 118, 20, 0, 0, 20, 'Français', '2015-07-08 16:54:07'),
(138, 118, 96, 0, 0, 96, 'Allemand', '2015-07-08 16:55:55'),
(139, 118, 40, 0, 0, 40, 'Anglais', '2015-07-08 16:55:12'),
(140, 119, 14, 0, 0, 14, 'Français', '2015-07-08 16:58:23'),
(141, 119, 14, 0, 0, 14, 'Allemand', ''),
(142, 119, 44, 0, 10, 34, 'Anglais', '2015-07-08 17:00:06'),
(143, 119, 14, 0, 0, 14, 'Tibétain', ''),
(144, 119, 14, 0, 0, 14, 'Bachkir', ''),
(145, 119, 14, 0, 0, 14, 'Assamais', ''),
(146, 119, 14, 0, 0, 14, 'Bambara', ''),
(147, 119, 14, 0, 0, 14, 'Aragonais', ''),
(148, 119, 14, 0, 0, 14, 'Tchèque', ''),
(149, 119, 14, 0, 0, 14, 'Maldivien', ''),
(150, 119, 14, 0, 0, 14, 'Estonien', ''),
(151, 119, 15, 5, 10, 0, 'Espagnol', '10/07/2015 23:13:15'),
(152, 119, 14, 0, 0, 14, 'Ewe', ''),
(153, 119, 14, 0, 0, 14, 'Persan', ''),
(154, 119, 14, 0, 0, 14, 'Fidjien', ''),
(155, 119, 14, 0, 0, 14, 'Kanouri', ''),
(156, 119, 0, 0, 0, 0, 'Dzongkha', ''),
(157, 119, 0, 0, 0, 0, 'Tchouvache', ''),
(158, 119, 0, 0, 0, 0, 'Galicien', ''),
(159, 119, 0, 0, 0, 0, 'Javanais', ''),
(160, 119, 0, 0, 0, 0, 'Lao', ''),
(161, 119, 0, 0, 0, 0, 'Kurde', ''),
(162, 119, 0, 0, 0, 0, 'Cornique', ''),
(163, 119, 0, 0, 0, 0, 'Cachemiri', ''),
(164, 119, 0, 0, 0, 0, 'Kikongo', ''),
(165, 119, 0, 0, 0, 0, 'Igbo', ''),
(166, 119, 0, 0, 0, 0, 'Créole haïtien', ''),
(167, 119, 0, 0, 0, 0, 'Arménien', ''),
(168, 120, 380, 20, 360, 0, 'Français', '10/07/2015 15:11:13'),
(169, 120, 40, 40, 0, 0, 'Anglais', '13/07/2015 16:49:45'),
(170, 116, 0, 0, 0, 0, 'Azéri', ''),
(171, 103, 0, 0, 0, 0, 'Français', ''),
(172, 103, 0, 0, 0, 0, 'Anglais', ''),
(173, 121, 10, 0, 10, 0, 'Chinois', ''),
(174, 121, 22, 0, 10, 12, 'Tahitien', '2015-07-09 16:07:28'),
(175, 121, 42, 0, 0, 42, 'Français', '2015-07-09 16:20:42'),
(176, 121, 36, 0, 0, 36, 'Allemand', '10/07/2015 11:54:56'),
(177, 121, 12, 0, 0, 12, 'Anglais', '2015-07-09 16:21:49'),
(178, 121, 0, 0, 0, 0, 'Tibétain', ''),
(179, 121, 0, 0, 0, 0, 'Tadjik', ''),
(180, 122, 140, 110, 10, 20, 'Français', '2015-07-09 16:39:40'),
(181, 122, 0, 0, 0, 0, 'Anglais', ''),
(182, 98, 0, 0, 0, 0, 'Grec moderne', ''),
(183, 113, 95, 0, 0, 35, 'Grec moderne', ''),
(184, 113, 95, 0, 0, 35, 'Persan', ''),
(185, 113, 95, 0, 0, 35, 'Féroïen', ''),
(186, 113, 95, 0, 0, 35, 'Fidjien', ''),
(187, 113, 95, 0, 0, 35, 'Peul', ''),
(188, 113, 95, 0, 0, 35, 'Estonien', ''),
(189, 113, 95, 0, 0, 35, 'Basque', ''),
(190, 113, 95, 0, 0, 35, 'Espéranto', ''),
(191, 113, 0, 0, 0, 0, 'Finnois', ''),
(197, 121, 25, 0, 10, 15, 'Espagnol', '10/07/2015 01:38:32'),
(199, 120, 22, -8, 30, 0, 'Espagnol', '10/07/2015 01:13:04'),
(201, 122, 10, 0, 10, 0, 'Espagnol', '10/07/2015 01:25:55'),
(202, 122, 0, 0, 0, 0, 'Ewe', ''),
(203, 121, 0, 0, 0, 0, 'Tchétchène', ''),
(204, 121, 0, 0, 0, 0, 'Catalan', ''),
(205, 121, 0, 0, 0, 0, 'Grec moderne', ''),
(206, 123, 180, 0, 70, 110, 'Français', '10/07/2015 12:16:00'),
(207, 123, 0, 0, 0, 0, 'Anglais', ''),
(208, 123, 0, 0, 0, 0, 'Persan', ''),
(209, 124, 320, 245, 70, 5, 'Français', '10/07/2015 12:24:44'),
(210, 124, 60, 0, 0, 60, 'Anglais', '10/07/2015 15:32:42'),
(211, 124, 0, 0, 0, 0, 'Allemand', ''),
(212, 124, 0, 0, 0, 0, 'Espagnol', ''),
(213, 124, 0, 0, 0, 0, 'Italien', ''),
(214, 124, 0, 0, 0, 0, 'Aragonais', ''),
(215, 124, 0, 0, 0, 0, 'Vieux-slave', ''),
(216, 124, 0, 0, 0, 0, 'Tchèque', ''),
(217, 124, 0, 0, 0, 0, 'Tchouvache', ''),
(218, 124, 0, 0, 0, 0, 'Ewe', ''),
(219, 124, 0, 0, 0, 0, 'Cri', ''),
(220, 124, 0, 0, 0, 0, 'Corse', ''),
(221, 98, 0, 0, 0, 0, 'Catalan', ''),
(222, 98, 0, 0, 0, 0, 'Chamorro', ''),
(223, 98, 0, 0, 0, 0, 'Vieux-slave', ''),
(224, 98, 0, 0, 0, 0, 'Corse', ''),
(225, 125, 0, 0, 0, 0, 'Chinois', ''),
(226, 125, 0, 0, 0, 0, 'Français', ''),
(227, 125, 0, 0, 0, 0, 'Allemand', ''),
(228, 125, 0, 0, 0, 0, 'Danois', ''),
(229, 98, 0, 0, 0, 0, 'Bihari', ''),
(230, 126, 0, 0, 0, 0, 'Français', ''),
(231, 126, 0, 0, 0, 0, 'Anglais', ''),
(232, 127, 0, 0, 0, 0, 'Français', ''),
(233, 127, 0, 0, 0, 0, 'Anglais', ''),
(234, 102, 0, 0, 0, 0, 'Espéranto', ''),
(235, 102, 0, 0, 0, 0, 'Dzongkha', ''),
(236, 128, 10, 0, 10, 0, 'Français', '13/07/2015 16:51:15'),
(237, 128, 30, 0, 30, 0, 'Anglais', '14/07/2015 16:09:57');

-- --------------------------------------------------------

--
-- Structure de la table `user`
--

CREATE TABLE IF NOT EXISTS `user` (
  `userid` int(11) NOT NULL AUTO_INCREMENT,
  `username` varchar(32) NOT NULL,
  `useremail` varchar(100) CHARACTER SET latin1 COLLATE latin1_general_ci NOT NULL,
  `userpass` varchar(32) CHARACTER SET latin1 COLLATE latin1_general_ci NOT NULL,
  `userlang` varchar(32) NOT NULL,
  `valkey` varchar(100) CHARACTER SET latin1 COLLATE latin1_general_ci NOT NULL,
  `userlang_game` varchar(100) NOT NULL,
  `photo` varchar(100) CHARACTER SET utf8 COLLATE utf8_unicode_ci NOT NULL,
  `userlvl` varchar(40) CHARACTER SET utf8 COLLATE utf8_unicode_ci NOT NULL,
  PRIMARY KEY (`userid`)
) ENGINE=InnoDB  DEFAULT CHARSET=latin1 AUTO_INCREMENT=129 ;

--
-- Contenu de la table `user`
--

INSERT INTO `user` (`userid`, `username`, `useremail`, `userpass`, `userlang`, `valkey`, `userlang_game`, `photo`, `userlvl`) VALUES
(1, 'Justine', 'reverdy.justine@gmail.com', 'b55050b2f605b7cf0d48346ff3d432d3', 'en', '', 'de', 'profil/jojo/druide.jpg', 'medium'),
(2, 'CloCimp', 'cimpello.chloe@gmail.com', 'efb721822649b133e569e289fd32b9ae', 'fr', '', 'de', 'profil/jojo/druide.jpg', 'medium'),
(3, 'kiki', 'kevin.miguet@gmx.fr', 'cc1e5fa69afb7097fd4791e6a6ced5bd', 'fr', '', 'de', 'profil/jojo/druide.jpg', 'medium'),
(4, 'WhiskeyDusk', 'nac_s@free.fr', 'd9fd932e114c21309e61c08496bdc78e', 'fr', '', 'de', 'profil/jojo/druide.jpg', 'medium'),
(5, 'Isabelle', 'medelice.isabelle@free.fr', '4757067ca131abf21c7dedea7efd0c80', 'fr', '', 'de', 'profil/jojo/druide.jpg', 'medium'),
(6, 'Jeremy', 'jeremy.balland@gmail.fr', '6967cabefd763ac1a1a88e11159957db', 'en', '', 'de', 'profil/jojo/druide.jpg', 'medium'),
(7, 'Benji', 'benji@toto.com', '4c73ddb52f07a7f3bc34242e47567995', 'fr', '', 'de', 'profil/jojo/druide.jpg', 'medium'),
(8, 'demo', 'demo@gmail.com', 'fe01ce2a7fbac8fafaed7c982a04e229', 'fr', '', 'de', 'profil/jojo/druide.jpg', 'medium');,
(97, 'jojo', 'jojo@free.fr', '7510d498f23f5815d3376ea7bad64e29', 'fr', '', 'de', 'profil/jojo/druide.jpg', 'medium'),
(98, 'mma', 'mm@m.l', 'b3cd915d758008bd19d0f2428fbb354a', 'en', '', 'de', 'profil/unknow.jpg', 'hard'),
(99, 'mp', 'mp@mp.mp', '1f2dfa567dcf95833eddf7aec167fec7', 'fr', '', 'fr', 'profil/unknow.jpg', 'medium'),
(100, 'ml', 'ml@ml.fr', '9830e1f81f623b33106acc186b93374e', 'fr', '', 'de', '', 'easy'),
(101, 'new', 'newman@f.fr', '22af645d1859cb5ca6da0c484f1f37ea', 'fr', '', 'fr', 'profil/unknow.jpg', 'medium'),
(102, 'pp', 'pp@p.fr', 'c483f6ce851c9ecd9fb835ff7551737c', 'fr', '', 'en', 'profil/unknow.jpg', 'hard'),
(103, 'aa', 'aa@aa.aa', '4124bc0a9335c27f086f24ba207a4912', 'en', '', 'fr', 'profil/unknow.jpg', 'medium'),
(110, 'gilbert', 'gigi@f.fr', '5ca2aa845c8cd5ace6b016841f100d82', 'fr', '', 'en', 'profil/unknow.jpg', 'hard'),
(111, 'popo', 'pp@ep.fr', 'f6122c971aeb03476bf01623b09ddfd4', 'fr', '', 'en', 'profil/unknow.jpg', 'hard'),
(112, 'ml2', 'mathieu.loiseau@u-grenoble3.fr', '098f6bcd4621d373cade4e832627b4f6', 'fr', '', 'fr', '', 'easy'),
(113, 'dd', 'dd@dd.fr', '1aabac6d068eef6a7bad3fdf50a05cc8', 'fr', '', 'fr', 'profil/dd/photo_ban_3.png', 'hard'),
(114, 'jp', 'jp@jp.fr', '55add3d845bfcd87a9b0949b0da49c0a', 'fr', '', 'fr', '', 'medium'),
(115, 'choucroute', 'choucroute@fr.fr', '4fa9239cbfe7d76a31bb46471ce6a976', 'fr', '', 'de', '', 'easy'),
(116, 'pi', 'pi@pi.fr', '72ab8af56bddab33b269c5964b26620a', 'fr', '', 'bg', 'profil/pi/normal_crazycat.jpg', 'easy'),
(117, 'ww', 'ww@w.op', 'ad57484016654da87125db86f4227ea3', 'fr', '', 'ab', '', 'easy'),
(118, 'ppp', 'pp@p.frp', 'f27f6f1c7c5cbf4e3e192e0a47b85300', 'fr', '', 'de', 'profil/unknow.jpg', 'hard'),
(119, 'loo', 'lp@f.fr', 'ba228e55970144a75be8d7c8c3195ef0', 'fr', '', 'es', 'profil/unknow.jpg', 'easy'),
(120, 'ee', 'ee@ee.ee', '08a4415e9d594ff960030b921d42b91e', 'fr', '', 'es', 'profil/unknow.jpg', 'easy'),
(121, 'lala', 'lala@la.la', '2e3817293fc275dbee74bd71ce6eb056', 'fr', '', 'es', 'profil/unknow.jpg', 'easy'),
(122, 'jpp', 'jp@l.mp', '39e30eac46faf1fedcbfdd279ea6d2c6', 'fr', '', 'es', 'profil/unknow.jpg', 'easy'),
(123, 'gilou', 'gilou@i.fr', '1aabac6d068eef6a7bad3fdf50a05cc8', 'fr', '', 'fr', 'profil/unknow.jpg', 'hard'),
(124, 'nr', 'gilou@i.frg', '0ab3e5d0801aea3f3758bcbd812e8f10', 'en', '', 'en', 'profil/unknow.jpg', 'hard'),
(125, 'qq', 'qq@op.la', '099b3b060154898840f0ebdfb46ec78f', 'fr', '', 'de', '', 'easy'),
(126, 'paul', 'pa@p.fr', 'c483f6ce851c9ecd9fb835ff7551737c', 'fr', '', 'fr', '', 'easy'),
(127, 'eee', 'pa@p.fre', '08a4415e9d594ff960030b921d42b91e', 'fr', '', 'fr', '', 'easy'),
(128, 'test', 'test@te.te', '569ef72642be0fadd711d6a468d68ee1', 'fr', '', 'en', 'profil/unknow.jpg', 'easy');


-- --------------------------------------------------------

--
-- Structure de la table `user_niveau`
--

CREATE TABLE IF NOT EXISTS `user_niveau` (
  `id` int(50) NOT NULL AUTO_INCREMENT,
  `userid` int(50) NOT NULL,
  `spoken_lang` varchar(100) NOT NULL,
  `niveau` varchar(100) NOT NULL,
  PRIMARY KEY (`id`)
) ENGINE=InnoDB  DEFAULT CHARSET=latin1 AUTO_INCREMENT=65 ;

--
-- Contenu de la table `user_niveau`
--

INSERT INTO `user_niveau` (`id`, `userid`, `spoken_lang`, `niveau`) VALUES
(2, 69, 'Français;Anglais;', 'Natif;Débutant;'),
(3, 70, 'Français;Chinois;', 'Intermédiaire;Débutant;'),
(4, 71, 'Français;', 'Débutant;'),
(5, 72, 'Français;', 'Avancé;'),
(6, 73, 'Français;', 'Avancé;'),
(7, 39, 'Français;Chinois;', 'Natif;Natif;'),
(9, 74, 'Yoruba;Chinois;Français;', 'Débutant;Intermédiaire;Débutant;'),
(10, 75, 'Abkhaze;Romanche;', 'Débutant;Natif;'),
(11, 76, 'Français;', 'Avancé;'),
(12, 77, 'Tigrigna;', 'Natif;'),
(13, 78, 'Français;', 'Natif;'),
(14, 79, 'Turc;', 'Natif;'),
(15, 80, 'Tchétchène;Avestique;', 'Natif;Débutant;'),
(16, 81, 'Turc;Espagnol;', 'Natif;Débutant;'),
(17, 82, 'Danois;Dzongkha;', 'Débutant;Natif;'),
(19, 84, 'Français;Anglais;Persan;', 'Avancé;Débutant;Débutant;'),
(21, 86, 'Français;Espéranto;', 'Natif;Débutant;'),
(22, 87, 'Ouïghour;Vietnamien;', 'Natif;Avancé;'),
(23, 88, 'Français;Anglais;Italien;', 'Natif;Avancé;Natif;'),
(25, 90, 'Chinois;Yoruba;', 'Intermédiaire;;'),
(26, 91, 'Venda;Chinois;', 'Débutant;Débutant;'),
(27, 92, 'Tahitien;Zoulou;', 'Débutant;Avancé;'),
(28, 93, 'Allemand;Italien;Français;', 'Avancé;Débutant;Natif;'),
(29, 94, 'Afrikaans;', 'Débutant;'),
(30, 95, 'Anglais;Français;', 'Avancé;Natif;'),
(31, 96, 'Français;Anglais;', 'Avancé;Débutant;'),
(32, 44, 'Français;Allemand;', 'Natif;Avancé;'),
(33, 97, 'Allemand;', 'Débutant;'),
(34, 98, 'Allemand;Français;', 'Avancé;Natif;'),
(35, 99, 'Chinois;Anglais;Français;', 'Débutant;Avancé;Débutant;'),
(36, 100, 'Allemand;Français;', 'Natif;Débutant;'),
(37, 101, 'Allemand;Français;', 'Débutant;Natif;'),
(38, 102, 'Français;Anglais;', 'Natif;Intermédiaire;'),
(39, 103, 'Français;Anglais;Allemand;', 'Intermédiaire;Débutant;Débutant;'),
(40, 104, 'Français;Anglais;', 'Natif;Avancé;'),
(41, 105, 'Français;Anglais;', 'Intermédiaire;Avancé;'),
(42, 106, 'Allemand;Français;Anglais;', 'Natif;Avancé;Intermédiaire;'),
(43, 107, 'Français;Abkhaze;Anglais;', 'Avancé;Avancé;Natif;'),
(44, 108, 'Afrikaans;Maldivien;', 'Débutant;Avancé;'),
(45, 109, 'Danois;Anglais;', 'Débutant;Natif;'),
(46, 110, 'Français;Anglais;Italien;', 'Natif;Intermédiaire;Avancé;'),
(47, 111, 'Français;Anglais;', 'Avancé;Intermédiaire;'),
(48, 112, 'Français;Espagnol;Anglais;Italien;', 'Natif;Avancé;Avancé;Débutant;'),
(49, 113, 'Français;Anglais;Espagnol;', 'Natif;Avancé;Avancé;'),
(50, 114, 'Français;Anglais;Allemand;', 'Natif;Intermédiaire;Débutant;'),
(51, 115, 'Français;Anglais;Allemand;', 'Natif;Intermédiaire;Débutant;'),
(52, 116, 'Allemand;Français;Espéranto;Bulgare;', 'Débutant;Natif;Débutant;Débutant;'),
(53, 117, 'Abkhaze;Abkhaze;', 'Débutant;Débutant;'),
(54, 118, 'Français;Allemand;Anglais;', 'Natif;Intermédiaire;Avancé;'),
(55, 119, 'Français;Allemand;Anglais;Tibétain;Espagnol;', 'Intermédiaire;Débutant;Avancé;Débutant;Débutant;'),
(56, 120, 'Français;Anglais;Espagnol;', 'Natif;Avancé;Débutant;'),
(57, 121, 'Chinois;Tahitien;Français;Allemand;Anglais;Espagnol;', 'Débutant;Intermédiaire;Avancé;Intermédiaire;Natif;Débutant;'),
(58, 122, 'Français;Anglais;Espagnol;', 'Natif;Intermédiaire;Débutant;'),
(59, 123, 'Français;Anglais;', 'Natif;Intermédiaire;'),
(60, 124, 'Français;Anglais;', 'Natif;Débutant;'),
(61, 125, 'Chinois;Français;Allemand;', 'Débutant;Avancé;Natif;'),
(62, 126, 'Français;Anglais;', 'Natif;Avancé;'),
(63, 127, 'Français;Anglais;', 'Avancé;Intermédiaire;'),
(64, 128, 'Français;Anglais;', 'Avancé;Débutant;');

/*!40101 SET CHARACTER_SET_CLIENT=@OLD_CHARACTER_SET_CLIENT */;
/*!40101 SET CHARACTER_SET_RESULTS=@OLD_CHARACTER_SET_RESULTS */;
/*!40101 SET COLLATION_CONNECTION=@OLD_COLLATION_CONNECTION */;
